Rk,Player,Pos,Squad,Age,Born,90s,Tkl,TklW,Def 3rd,Mid 3rd,Att 3rd,Tkl,Att,Tkl%,Lost,Blocks,Sh,Pass,Int,Tkl+Int,Clr,Err
1,Brenden Aaronson,"MF,FW",Leeds United,21,2000,26.4,1.7,0.68,0.61,0.83,0.27,0.57,1.74,32.6,1.17,1.63,0.11,1.52,0.19,1.89,0.23,0.04
2,George Abbott,MF,Tottenham,16,2005,0,0,0,0,0,0,0,0,,0,0,0,0,1,1,0,0
3,Che Adams,FW,Southampton,26,1996,22.1,0.77,0.59,0.32,0.36,0.09,0.32,0.54,58.3,0.23,0.59,0.18,0.41,0.18,0.95,1,0
4,Tyler Adams,MF,Leeds United,23,1999,24,3.71,1.92,1.83,1.46,0.42,2.08,3.21,64.9,1.13,2,0.33,1.67,1.46,5.17,1.21,0
5,Tosin Adarabioyo,DF,Fulham,24,1997,23.2,1.29,0.56,0.95,0.26,0.09,0.69,0.99,69.6,0.3,0.86,0.65,0.22,1.12,2.41,6.03,0.04
6,Nayef Aguerd,DF,West Ham,26,1996,17.7,1.53,1.02,1.02,0.45,0.06,0.73,1.13,65,0.4,1.47,1.36,0.11,1.02,2.54,4.46,0.11
7,Naouirou Ahamada,"MF,FW",Crystal Palace,20,2002,1,3,2,3,0,0,1,3,33.3,2,2,0,2,0,3,0,0
8,Rayan Aït Nouri,DF,Wolves,21,2001,12,2.75,1.67,2.08,0.58,0.08,0.75,1.25,60,0.5,0.25,0,0.25,0.75,3.5,2.33,0
9,Kristoffer Ajer,DF,Brentford,24,1998,8.5,1.29,0.94,0.59,0.47,0.24,1.06,1.88,56.3,0.82,0.71,0.59,0.12,0.82,2.12,2.59,0
10,Manuel Akanji,DF,Manchester City,27,1995,25.4,1.42,0.98,0.59,0.71,0.12,0.91,1.42,63.9,0.51,1.06,0.35,0.71,0.63,2.05,1.3,0
11,Nathan Aké,DF,Manchester City,27,1995,20.8,1.25,0.58,0.72,0.43,0.1,0.53,0.72,73.3,0.19,0.96,0.48,0.48,0.96,2.21,2.31,0
12,Marc Albrighton,"FW,MF",Leicester City,32,1989,2.6,1.54,0.38,0,0.77,0.77,0.38,3.08,12.5,2.69,2.31,0.77,1.54,0.38,1.92,1.92,0
13,Thiago Alcántara,MF,Liverpool,31,1991,13.9,3.09,1.73,1.44,1.51,0.14,1.01,1.65,60.9,0.65,1.08,0.22,0.86,1.51,4.6,0.94,0.14
14,Carlos Alcaraz,"MF,FW",Southampton,19,2002,11.4,0.88,0.44,0.18,0.61,0.09,0.53,1.93,27.3,1.4,1.23,0.44,0.79,0.09,0.96,0.96,0
15,Trent Alexander-Arnold,DF,Liverpool,23,1998,32.5,1.75,1.23,0.98,0.49,0.28,1.29,2.43,53.2,1.14,0.77,0.22,0.55,1.32,3.08,1.26,0.06
16,Alisson,GK,Liverpool,29,1992,37,0,0,0,0,0,0,0.08,0,0.08,0.08,0,0.08,0,0,0.54,0
17,Dele Alli,MF,Everton,26,1996,0.4,0,0,0,0,0,0,0,,0,0,0,0,0,0,0,0
18,Miguel Almirón,FW,Newcastle Utd,28,1994,27.7,1.66,1.08,0.58,0.69,0.4,0.65,1.52,42.9,0.87,0.9,0.07,0.83,0.36,2.02,0.61,0
19,Julián Álvarez,"FW,MF",Manchester City,22,2000,16.3,1.6,0.98,0.18,0.8,0.61,0.55,1.78,31,1.23,0.8,0,0.8,0.12,1.72,0.37,0
20,Daniel Amartey,DF,Leicester City,27,1994,17.9,1.06,0.45,0.73,0.28,0.06,0.67,0.78,85.7,0.11,1.34,0.95,0.39,0.45,1.51,3.97,0
21,Samuel Amo-Ameyaw,MF,Southampton,16,2006,0,0,0,0,0,0,0,1,0,1,0,0,0,0,0,0,0
22,Joachim Andersen,DF,Crystal Palace,26,1996,30.9,1.36,0.71,0.97,0.39,0,0.52,1.04,50,0.52,0.91,0.42,0.49,0.78,2.14,6.08,0
23,Elliot Anderson,"MF,FW",Newcastle Utd,19,2002,4.6,2.39,1.09,1.09,0.65,0.65,1.3,2.61,50,1.3,2.39,0.43,1.96,1.3,3.7,0.43,0
24,Jaidon Anthony,"MF,FW",Bournemouth,22,1999,14,2.14,1.21,1.07,0.64,0.43,0.57,1.71,33.3,1.14,2.14,0.21,1.93,0.71,2.86,1.36,0
25,Michail Antonio,FW,West Ham,32,1990,20.3,0.69,0.34,0.05,0.39,0.25,0.15,0.59,25,0.44,0.64,0.25,0.39,0.25,0.94,0.44,0
26,Antony,FW,Manchester Utd,22,2000,20,1.1,0.45,0.45,0.45,0.2,0.4,1.4,28.6,1,0.9,0,0.9,0.55,1.65,0.3,0
27,Cameron Archer,"FW,MF",Aston Villa,21,2001,0.5,0,0,0,0,0,0,0,,0,0,0,0,0,0,0,0
28,Alphonse Areola,GK,West Ham,29,1993,3.4,0,0,0,0,0,0,0,,0,0,0,0,0,0,0,0
29,Joe Aribo,"MF,FW",Southampton,26,1996,13.6,2.28,1.47,1.1,0.88,0.29,0.81,1.47,55,0.66,1.03,0.07,0.96,0.74,3.01,0.81,0
30,Adam Armstrong,"FW,MF",Southampton,25,1997,14.8,0.95,0.61,0.41,0.34,0.2,0.2,0.68,30,0.47,1.01,0.2,0.81,0.34,1.28,0.41,0
31,Stuart Armstrong,"MF,FW",Southampton,30,1992,15.6,2.05,1.35,0.96,0.83,0.26,0.9,2.5,35.9,1.6,1.15,0,1.15,0.64,2.69,0.58,0.06
32,Kepa Arrizabalaga,GK,Chelsea,27,1994,28.5,0.07,0.07,0.07,0,0,0.07,0.11,66.7,0.04,0,0,0,0.04,0.11,0.56,0.07
33,Pierre-Emerick Aubameyang,FW,Chelsea,33,1989,6.2,0.16,0,0.16,0,0,0,0.16,0,0.16,0.32,0,0.32,0.32,0.48,0.65,0.32
34,Ludwig Augustinsson,DF,Aston Villa,28,1994,0.9,1.11,1.11,1.11,0,0,0,0,,0,0,0,0,0,1.11,1.11,0
35,Serge Aurier,DF,Nott'ham Forest,29,1992,21.6,2.96,1.9,1.9,0.83,0.23,1.06,1.53,69.7,0.46,1.57,0.51,1.06,1.34,4.31,3.47,0
36,Taiwo Awoniyi,FW,Nott'ham Forest,24,1997,15.6,1.09,0.64,0.13,0.64,0.32,0.38,0.64,60,0.26,1.15,0.26,0.9,0.26,1.35,1.28,0
37,Yasin Ayari,MF,Brighton,18,2003,0.7,2.86,2.86,1.43,1.43,0,0,5.71,0,5.71,1.43,0,1.43,0,2.86,0,0
38,André Ayew,"FW,MF",Nott'ham Forest,32,1989,3.5,1.43,0.86,0,1.14,0.29,0.57,1.14,50,0.57,1.71,0.29,1.43,0,1.43,2,0
39,Jordan Ayew,"FW,MF",Crystal Palace,30,1991,30.2,2.19,1.36,0.76,0.66,0.76,0.7,1.75,39.6,1.06,1.16,0.13,1.03,0.5,2.68,1.03,0
40,Luke Ayling,DF,Leeds United,30,1991,22.8,2.89,1.62,1.84,0.66,0.39,1.84,3.73,49.4,1.89,1.49,0.48,1.01,1.14,4.04,2.28,0.09
41,César Azpilicueta,DF,Chelsea,32,1989,17,2.53,1.47,1.35,0.88,0.29,1.29,2.18,59.5,0.88,1.53,0.29,1.24,1.12,3.65,3.18,0.06
42,Benoît Badiashile,DF,Chelsea,21,2001,10.1,1.39,0.79,0.99,0.4,0,0.89,1.39,64.3,0.5,0.5,0.2,0.3,1.58,2.97,3.37,0.1
43,Leon Bailey,"FW,MF",Aston Villa,24,1997,21.9,0.64,0.27,0.27,0.32,0.05,0.23,0.91,25,0.68,0.59,0,0.59,0.27,0.91,0.55,0
44,Stefan Bajcetic,MF,Liverpool,17,2004,5.8,1.55,1.03,0.86,0.52,0.17,1.38,4.66,29.6,3.28,1.21,0,1.21,1.55,3.1,0.69,0
45,Dominic Ballard,"FW,MF",Southampton,17,2005,0.3,0,0,0,0,0,0,0,,0,0,0,0,3.33,3.33,0,0
46,Patrick Bamford,FW,Leeds United,28,1993,16.8,0.54,0.36,0,0.36,0.18,0.24,1.19,20,0.95,0.71,0.3,0.42,0.3,0.83,0.77,0
47,Shandon Baptiste,MF,Brentford,24,1998,6.9,2.17,1.3,0.87,0.87,0.43,1.01,2.46,41.2,1.45,1.45,0.29,1.16,1.01,3.19,1.45,0
48,Harvey Barnes,"FW,MF",Leicester City,24,1997,30.1,0.86,0.47,0.27,0.47,0.13,0.47,1.4,33.3,0.93,1.06,0.03,1.03,0.27,1.13,0.4,0
49,Gavin Bazunu,GK,Southampton,20,2002,32,0.03,0,0.03,0,0,0.03,0.03,100,0,0,0,0,0.03,0.06,0.75,0.06
50,Mads Bech Sørensen,"DF,MF",Brentford,23,1999,0.2,0,0,0,0,0,0,0,,0,0,0,0,5,5,5,0
51,Jan Bednarek,DF,Southampton,26,1996,18.6,1.45,1.13,1.08,0.38,0,0.65,0.86,75,0.22,2.04,1.45,0.59,2.63,4.09,4.68,0
52,Jan Bednarek,DF,Aston Villa,26,1996,1.1,2.73,2.73,0,2.73,0,0.91,0.91,100,0,2.73,0.91,1.82,1.82,4.55,4.55,0
53,Donny van de Beek,MF,Manchester Utd,25,1997,1.9,0,0,0,0,0,0,0.53,0,0.53,1.05,0.53,0.53,0.53,0.53,0.53,0
54,Asmir Begović,GK,Everton,35,1987,1,0,0,0,0,0,0,0,,0,0,0,0,0,0,1,0
55,Armel Bella Kotchap,DF,Southampton,20,2001,20.9,1.77,0.81,1.34,0.43,0,0.72,0.96,75,0.24,1.39,0.57,0.81,2.11,3.88,5.26,0
56,Saïd Benrahma,"FW,MF",West Ham,26,1995,23,1.09,0.65,0.48,0.3,0.3,0.48,1.17,40.7,0.7,1,0.04,0.96,0.39,1.48,0.57,0
57,Rodrigo Bentancur,MF,Tottenham,25,1997,16.7,2.69,1.68,0.9,1.26,0.54,0.96,1.68,57.1,0.72,1.68,0.9,0.78,1.2,3.89,1.32,0
58,Daniel Bentley,GK,Wolves,29,1993,2,0.5,0.5,0.5,0,0,0.5,0.5,100,0,0,0,0,0,0.5,0,0
59,Victor Bernth Kristiansen,DF,Leicester City,19,2002,9.9,3.84,2.32,1.82,1.62,0.4,2.22,3.03,73.3,0.81,1.62,0.4,1.21,0.3,4.14,2.63,0
60,Owen Bevan,DF,Bournemouth,18,2003,0.1,0,0,0,0,0,0,0,,0,0,0,0,0,0,0,0
61,Giulian Biancone,DF,Nott'ham Forest,22,2000,0.2,10,5,10,0,0,5,5,100,0,0,0,0,5,15,0,0
62,Philip Billing,"MF,FW",Bournemouth,26,1996,30.7,2.05,1.17,0.68,1.07,0.29,0.36,1.3,27.5,0.94,1.56,0.26,1.3,1.01,3.06,1.89,0.03
63,Yves Bissouma,MF,Tottenham,25,1996,11.2,1.43,1.16,0.54,0.54,0.36,0.18,0.63,28.6,0.45,1.34,0.54,0.8,1.07,2.5,0.89,0
64,Willy Boly,DF,Nott'ham Forest,31,1991,7.6,1.71,0.79,1.05,0.39,0.26,1.05,1.71,61.5,0.66,1.71,0.53,1.18,1.58,3.29,5.92,0
65,Sven Botman,DF,Newcastle Utd,22,2000,34.7,1.1,0.69,0.89,0.2,0,0.63,0.81,78.6,0.17,1.27,0.69,0.58,0.98,2.07,3.63,0.06
66,Jarrod Bowen,"FW,MF",West Ham,25,1996,35.9,1.09,0.45,0.39,0.31,0.39,0.45,1.59,28.1,1.14,1.31,0.25,1.06,1,2.09,0.7,0
67,James Bree,DF,Southampton,24,1997,4.1,1.22,0.73,0.98,0.24,0,0.73,0.98,75,0.24,0.73,0.24,0.49,1.46,2.68,2.68,0
68,Armando Broja,FW,Chelsea,20,2001,3.3,1.21,0.3,0,0.91,0.3,0.3,0.3,100,0,3.03,0.3,2.73,0.3,1.52,0.3,0
69,David Brooks,"FW,MF",Bournemouth,25,1997,1.9,0.53,0,0.53,0,0,0,0.53,0,0.53,1.05,0,1.05,1.05,1.58,2.63,0
70,Lewis Brunt,DF,Leicester City,21,2000,0.3,0,0,0,0,0,0,0,,0,0,0,0,0,0,6.67,0
71,Bryan,"MF,FW",Tottenham,21,2001,1.6,1.88,0.63,1.88,0,0,0,1.88,0,1.88,1.88,0,1.88,0.63,2.5,0.63,0
72,Emi Buendía,"MF,FW",Aston Villa,25,1996,26.8,1.94,0.86,0.75,0.75,0.45,0.78,2.76,28.4,1.98,0.75,0.07,0.67,0.75,2.69,0.63,0
73,Hugo Bueno,DF,Wolves,19,2002,14.6,2.26,1.1,1.58,0.41,0.27,1.16,2.26,51.5,1.1,0.96,0.07,0.89,0.68,2.95,2.47,0
74,Facundo Buonanotte,"FW,MF",Brighton,17,2004,6.3,0.32,0.16,0.16,0.16,0,0.16,3.49,4.5,3.33,0.79,0.32,0.48,0.63,0.95,0.48,0
75,Dan Burn,DF,Newcastle Utd,30,1992,34.6,1.73,1.1,0.84,0.66,0.23,0.98,1.94,50.7,0.95,1.21,0.46,0.75,0.92,2.66,3.47,0.06
76,Cafú,MF,Nott'ham Forest,29,1993,0.1,0,0,0,0,0,0,0,,0,0,0,0,0,0,10,0
77,Moisés Caicedo,MF,Brighton,20,2001,34.9,2.87,1.43,1.17,1.35,0.34,1.15,1.95,58.8,0.8,1.23,0.2,1.03,1.6,4.47,0.89,0.09
78,Tom Cairney,MF,Fulham,31,1991,11,1.55,0.55,0.36,0.73,0.45,0.64,0.91,70,0.27,1.64,0.27,1.36,0.45,2,0.27,0
79,Duje Ćaleta-Car,DF,Southampton,25,1996,10.5,1.33,0.95,0.86,0.38,0.1,0.57,0.86,66.7,0.29,1.43,1.05,0.38,1.43,2.76,6.19,0.1
80,Dominic Calvert-Lewin,FW,Everton,25,1997,12.9,0.31,0.16,0.08,0,0.23,0.08,0.39,20,0.31,0.39,0.08,0.31,0.23,0.54,1.4,0
81,Chem Campbell,"FW,MF",Wolves,19,2002,0.8,2.5,1.25,1.25,1.25,0,0,1.25,0,1.25,2.5,0,2.5,1.25,3.75,0,0
82,João Cancelo,DF,Manchester City,28,1994,14.2,2.04,1.48,1.13,0.63,0.28,1.2,1.69,70.8,0.49,0.49,0.07,0.42,1.34,3.38,0.63,0.07
83,Thomas Cannon,FW,Everton,19,2002,0.3,0,0,0,0,0,0,0,,0,0,0,0,0,0,0,0
84,Sergi Canós,"FW,DF",Brentford,25,1997,0.9,0,0,0,0,0,0,2.22,0,2.22,3.33,1.11,2.22,0,0,1.11,0
85,Diego Carlos,DF,Aston Villa,29,1993,2.3,0.43,0,0,0.43,0,0,0.43,0,0.43,0.87,0.87,0,0.43,0.87,0.87,0
86,Fabio Carvalho,"MF,FW",Liverpool,19,2002,3.9,2.05,2.05,0.77,0.77,0.51,0.77,1.54,50,0.77,1.54,0,1.54,1.54,3.59,0,0
87,Casemiro,MF,Manchester Utd,30,1992,23.6,3.77,1.95,1.82,1.48,0.47,2.03,3.9,52.2,1.86,2.08,0.47,1.61,1.44,5.21,2.71,0
88,Matty Cash,DF,Aston Villa,24,1997,20.2,2.72,1.58,1.78,0.74,0.2,1.29,1.83,70.3,0.54,0.99,0.25,0.74,1.29,4.01,2.13,0
89,Timothy Castagne,DF,Leicester City,26,1995,36.2,2.4,1.22,1.46,0.75,0.19,1.13,2.32,48.8,1.19,1.38,0.36,1.02,1.19,3.59,3.04,0
90,Jonny Castro,DF,Wolves,28,1994,14,2.43,1.07,1.64,0.71,0.07,1.29,2.64,48.6,1.36,1.86,0.36,1.5,1,3.43,2,0.14
91,Julio César Enciso,"FW,MF",Brighton,18,2004,9,1.44,0.44,0.33,0.67,0.44,0.89,1.44,61.5,0.56,1,0,1,0.44,1.89,0.22,0
92,Nathaniel Chalobah,MF,Fulham,27,1994,0.1,10,10,10,0,0,10,10,100,0,0,0,0,0,10,20,0
93,Trevoh Chalobah,DF,Chelsea,23,1999,17.9,1.73,1.12,1.23,0.34,0.17,1.34,1.9,70.6,0.56,0.95,0.39,0.56,1.34,3.07,3.13,0.06
94,Calum Chambers,"DF,MF",Aston Villa,27,1995,3.9,2.31,1.54,1.79,0.51,0,1.54,2.05,75,0.51,1.28,1.03,0.26,1.79,4.1,2.56,0.26
95,Shea Charles,DF,Manchester City,18,2003,0.3,13.3,0,13.3,0,0,3.33,3.33,100,0,0,0,0,3.33,16.7,6.67,0
96,Ben Chilwell,"DF,MF",Chelsea,25,1996,15.6,1.35,1.09,0.77,0.51,0.06,0.83,1.6,52,0.77,1.35,0.13,1.22,1.15,2.5,1.67,0
97,Ryan Christie,"MF,FW",Bournemouth,27,1995,20.4,1.67,1.08,0.49,1.13,0.05,0.69,2.4,28.6,1.72,0.78,0.2,0.59,1.27,2.94,0.98,0
98,Carney Chukwuemeka,"MF,FW",Chelsea,18,2003,3.9,3.33,1.79,1.79,1.54,0,0.77,1.28,60,0.51,1.79,0,1.79,1.54,4.87,0.26,0
99,Bobby Clark,MF,Liverpool,17,2005,0.1,0,0,0,0,0,0,0,,0,20,0,20,0,0,0,0
100,Nathaniel Clyne,DF,Crystal Palace,31,1991,18.2,1.48,0.88,0.71,0.49,0.27,0.77,1.26,60.9,0.49,1.21,0.22,0.99,1.04,2.53,1.87,0
101,Conor Coady,DF,Everton,29,1993,23.3,0.6,0.39,0.34,0.26,0,0.3,0.64,46.7,0.34,0.9,0.73,0.17,0.6,1.2,3.78,0.13
102,Jack Colback,MF,Nott'ham Forest,32,1989,5.5,3.27,2.36,2.18,1.09,0,0.91,1.45,62.5,0.55,0.55,0,0.55,0.55,3.82,1.64,0
103,Séamus Coleman,DF,Everton,33,1988,18.4,1.9,1.41,1.14,0.54,0.22,1.03,1.58,65.5,0.54,0.76,0.38,0.38,1.2,3.1,3.15,0.11
104,Nathan Collins,DF,Wolves,21,2001,20.2,1.34,0.74,0.94,0.4,0,0.74,1.19,62.5,0.45,1.73,1.39,0.35,1.04,2.38,4.16,0
105,Levi Colwill,DF,Brighton,19,2003,13.6,0.59,0.51,0.29,0.29,0,0.29,0.66,44.4,0.37,0.37,0.22,0.15,1.1,1.69,2.72,0.07
106,Lewis Cook,MF,Bournemouth,25,1997,19.1,1.94,1.15,0.52,1.15,0.26,0.94,2.2,42.9,1.26,1.52,0.52,0.99,1.2,3.14,1.62,0
107,Steve Cook,DF,Nott'ham Forest,31,1991,10.6,0.75,0.38,0.38,0.38,0,0.47,0.66,71.4,0.19,1.51,1.04,0.47,1.13,1.89,4.81,0
108,Liam Cooper,DF,Leeds United,30,1991,15.8,2.41,1.46,1.71,0.57,0.13,1.46,2.28,63.9,0.82,1.01,0.51,0.51,2.15,4.56,3.61,0.19
109,Maxwel Cornet,FW,West Ham,25,1996,2.7,2.59,1.11,1.85,0,0.74,1.48,2.22,66.7,0.74,2.22,0,2.22,0.74,3.33,1.11,0
110,Diego Costa,FW,Wolves,33,1988,13.8,0.22,0.07,0.22,0,0,0.14,0.65,22.2,0.51,0.43,0.07,0.36,0.14,0.36,1.23,0
111,Vladimír Coufal,DF,West Ham,29,1992,23.7,2.45,1.31,1.56,0.63,0.25,1.52,2.15,70.6,0.63,1.01,0.25,0.76,1.6,4.05,2.95,0
112,Philippe Coutinho,"MF,FW",Aston Villa,30,1992,8.8,2.16,1.59,0.91,0.91,0.34,1.02,1.7,60,0.68,1.25,0.11,1.14,0.45,2.61,0.23,0
113,Conor Coventry,"MF,FW",West Ham,22,2000,0,0,0,0,0,0,0,0,,0,0,0,0,0,0,0,0
114,Matthew Craig,MF,Tottenham,19,2003,0.2,20,5,10,10,0,0,0,,0,0,0,0,0,20,0,0
115,Aaron Cresswell,DF,West Ham,32,1989,24.8,0.85,0.44,0.48,0.28,0.08,0.48,1.25,38.7,0.77,0.85,0.44,0.4,1.09,1.94,2.26,0
116,Marc Cucurella,DF,Chelsea,24,1998,18.6,3.55,1.77,2.15,0.81,0.59,1.61,3.23,50,1.61,1.51,0.43,1.08,0.86,4.41,2.58,0.05
117,Matheus Cunha,FW,Wolves,23,1999,10.7,0.65,0.37,0,0.47,0.19,0.19,0.93,20,0.75,1.4,0.28,1.12,0.84,1.5,1.03,0
118,Patson Daka,FW,Leicester City,23,1998,13.2,1.06,0.61,0.45,0.61,0,0.23,0.91,25,0.68,1.06,0.15,0.91,0.53,1.59,0.53,0
119,Diogo Dalot,DF,Manchester Utd,23,1999,23.9,2.26,1.72,1.67,0.54,0.04,1.38,1.88,73.3,0.5,1.05,0.29,0.75,1.55,3.81,2.3,0.08
120,Mikkel Damsgaard,"MF,FW",Brentford,22,2000,11,2.82,1.91,1.18,1.18,0.45,1.36,3.82,35.7,2.45,1.82,0.18,1.64,0.91,3.73,1.27,0
121,Danilo,MF,Nott'ham Forest,21,2001,10.8,1.67,0.65,0.65,0.83,0.19,0.56,2.31,24,1.76,2.41,0.56,1.85,0.83,2.5,1.76,0
122,Arnaut Danjuma,"FW,MF",Tottenham,25,1997,1.9,1.05,0,0.53,0.53,0,0,0,,0,0.53,0,0.53,0,1.05,0,0
123,Josh Dasilva,MF,Brentford,23,1998,15.4,1.17,0.58,0.39,0.39,0.39,0.39,1.04,37.5,0.65,1.43,0.39,1.04,0.32,1.49,0.45,0.06
124,Ben Davies,DF,Tottenham,29,1993,25.4,1.1,0.43,0.51,0.51,0.08,0.55,1.02,53.8,0.47,0.67,0.31,0.35,0.71,1.81,2.83,0
125,Tom Davies,MF,Everton,24,1998,6,2.5,1.5,0.83,1.5,0.17,1.17,2.33,50,1.17,1.67,0.17,1.5,0.67,3.17,1.17,0.17
126,Craig Dawson,DF,West Ham,32,1990,8,1.25,0.75,1,0.25,0,0.5,0.75,66.7,0.25,1.13,0.75,0.38,0.75,2,3.25,0
127,Craig Dawson,DF,Wolves,32,1990,15.7,0.57,0.38,0.38,0.19,0,0.25,0.45,57.1,0.19,1.97,1.46,0.51,0.76,1.34,4.71,0.13
128,Kevin De Bruyne,MF,Manchester City,31,1991,26.9,1.04,0.45,0.11,0.45,0.48,0.52,1.45,35.9,0.93,1,0.07,0.93,0.33,1.38,0.37,0
129,Siriki Dembélé,"FW,MF",Bournemouth,25,1996,1.2,2.5,0.83,1.67,0.83,0,0,0.83,0,0.83,0.83,0,0.83,0.83,3.33,0.83,0
130,Leander Dendoncker,MF,Aston Villa,27,1995,7.7,2.47,1.17,1.43,0.78,0.26,1.43,2.73,52.4,1.3,2.47,0.52,1.95,1.3,3.77,1.56,0
131,Leander Dendoncker,MF,Wolves,27,1995,2.4,1.67,0.83,0,1.25,0.42,0.83,1.25,66.7,0.42,0.83,0,0.83,3.75,5.42,1.67,0
132,Emmanuel Dennis,"FW,MF",Nott'ham Forest,24,1997,8,2.13,1.38,0.63,0.63,0.88,1,2.13,47.1,1.13,1.63,0.13,1.5,0.25,2.38,0.75,0
133,Halil Dervişoğlu,MF,Brentford,22,1999,0.1,0,0,0,0,0,0,10,0,10,0,0,0,0,0,0,0
134,Kiernan Dewsbury-Hall,MF,Leicester City,23,1998,25.6,2.07,1.13,0.55,1.33,0.2,0.74,1.84,40.4,1.09,2.15,0.51,1.64,1.09,3.16,0.82,0
135,Ibrahima Diallo,MF,Southampton,23,1999,9.1,2.75,1.65,1.54,1.1,0.11,0.88,1.54,57.1,0.66,1.21,0.11,1.1,0.66,3.41,1.21,0
136,Rúben Dias,DF,Manchester City,25,1997,22.2,0.95,0.59,0.45,0.45,0.05,0.5,0.81,61.1,0.32,0.95,0.59,0.36,0.81,1.76,2.52,0.05
137,Luis Díaz,FW,Liverpool,25,1997,11.1,1.53,0.99,0.36,0.72,0.45,0.72,1.35,53.3,0.63,0.72,0,0.72,0.54,2.07,0.18,0
138,Eric Dier,DF,Tottenham,28,1994,31.3,0.96,0.61,0.51,0.38,0.06,0.29,0.61,47.4,0.32,1.31,0.77,0.54,1.12,2.08,3.58,0.06
139,Lucas Digne,DF,Aston Villa,29,1993,16.7,1.8,0.72,1.2,0.54,0.06,1.2,1.98,60.6,0.78,1.08,0.3,0.78,1.08,2.87,2.69,0
140,Issa Diop,DF,Fulham,25,1997,22.4,1.25,0.85,0.8,0.4,0.04,0.76,1.43,53.1,0.67,1.07,0.76,0.31,1.56,2.81,3.84,0
141,Moussa Djenepo,"DF,FW",Southampton,24,1998,7.9,2.41,1.39,1.65,0.63,0.13,1.39,3.29,42.3,1.9,2.41,0.25,2.15,1.39,3.8,0.89,0
142,Ben Doak,FW,Liverpool,16,2005,0.3,10,6.67,3.33,6.67,0,3.33,3.33,100,0,3.33,0,3.33,0,10,0,0
143,Matt Doherty,"DF,MF",Tottenham,30,1992,7.4,2.16,1.35,1.62,0.41,0.14,1.08,1.35,80,0.27,1.49,0.81,0.68,1.08,3.24,1.89,0.14
144,Gabriel Dos Santos,DF,Arsenal,24,1997,37.9,1.27,0.79,0.77,0.4,0.11,0.47,0.71,66.7,0.24,1.29,0.69,0.61,0.84,2.11,3.3,0.05
145,Abdoulaye Doucouré,MF,Everton,29,1993,17,1.82,1.18,0.53,0.88,0.41,0.71,2.18,32.4,1.47,1.53,0.18,1.35,0.76,2.59,0.65,0
146,Cheick Doucouré,MF,Crystal Palace,22,2000,30.8,2.5,1.49,1.3,1.07,0.13,0.94,1.69,55.8,0.75,1.53,0.42,1.1,1.82,4.32,1.56,0
147,Flynn Downes,MF,West Ham,23,1999,8.5,1.88,1.06,0.47,1.18,0.24,0.71,1.41,50,0.71,1.76,0.24,1.53,0.82,2.71,0.71,0
148,Kami Doyle,MF,Southampton,16,2005,0.1,0,0,0,0,0,0,0,,0,0,0,0,0,0,0,0
149,Cody Drameh,DF,Leeds United,20,2001,0.8,6.25,5,0,5,1.25,2.5,3.75,66.7,1.25,0,0,0,1.25,7.5,1.25,0
150,Martin Dúbravka,GK,Newcastle Utd,33,1989,1.7,0,0,0,0,0,0,0.59,0,0.59,0,0,0,0,0,0.59,0
151,Shane Duffy,"DF,FW",Fulham,30,1992,0.2,0,0,0,0,0,0,0,,0,0,0,0,0,0,0,5
152,Lewis Dunk,DF,Brighton,30,1991,36,0.83,0.53,0.53,0.25,0.06,0.5,1.14,43.9,0.64,1.03,0.75,0.28,0.94,1.78,2.25,0.03
153,Jhon Durán,"FW,MF",Aston Villa,18,2003,1.5,1.33,1.33,0,0.67,0.67,0.67,2.67,25,2,0,0,0,1.33,2.67,1.33,0
154,Malcolm Ebiowei,"MF,FW",Crystal Palace,18,2003,0.4,2.5,2.5,2.5,0,0,0,2.5,0,2.5,5,0,5,0,2.5,0,0
155,Ederson,GK,Manchester City,28,1993,35,0.09,0.03,0.09,0,0,0.03,0.06,50,0.03,0,0,0,0.03,0.11,0.29,0.06
156,Odsonne Édouard,FW,Crystal Palace,24,1998,20,1.25,0.65,0.35,0.6,0.3,0.35,0.65,53.8,0.3,0.85,0.25,0.6,0.15,1.4,1.1,0
157,Samuel Edozie,"FW,MF",Southampton,19,2003,6.3,2.7,1.59,0.95,1.59,0.16,0.48,1.27,37.5,0.79,1.11,0,1.11,0.95,3.65,0.95,0
158,Anthony Elanga,FW,Manchester Utd,20,2002,4.7,0.64,0,0,0.43,0.21,0.21,0.43,50,0.21,0.85,0,0.85,0.43,1.06,0.85,0
159,Harvey Elliott,"MF,FW",Liverpool,19,2003,17.9,1.51,1.01,0.34,0.67,0.5,0.5,2.01,25,1.51,1.45,0.06,1.4,0.84,2.35,0.45,0
160,Mohamed Elneny,MF,Arsenal,30,1992,1.3,0.77,0.77,0.77,0,0,0.77,0.77,100,0,0,0,0,0,0.77,0,0
161,Mohamed Elyounoussi,"MF,FW",Southampton,27,1994,24.1,1.91,1.16,0.91,0.83,0.17,0.79,1.78,44.2,1,1.66,0.12,1.54,1.12,3.03,1.54,0
162,Emerson,DF,Tottenham,23,1999,19.3,2.8,1.71,1.97,0.62,0.21,1.4,2.07,67.5,0.67,0.88,0.16,0.73,0.93,3.73,3.89,0
163,Christian Eriksen,MF,Manchester Utd,30,1992,22.8,0.96,0.79,0.44,0.31,0.22,0.44,1.4,31.3,0.96,1.01,0.39,0.61,0.48,1.45,0.88,0.04
164,Pervis Estupiñán,DF,Brighton,24,1998,29.7,2.05,1.04,1.21,0.64,0.2,1.18,2.02,58.3,0.84,1.01,0.27,0.74,1.25,3.3,1.25,0.03
165,Jonny Evans,DF,Leicester City,34,1988,11.7,1.11,0.43,1.03,0.09,0,0.6,0.94,63.6,0.34,1.28,0.94,0.34,1.54,2.65,4.36,0
166,Eberechi Eze,"MF,FW",Crystal Palace,24,1998,29.3,1.43,0.82,0.58,0.61,0.24,0.61,1.3,47.4,0.68,0.75,0,0.75,0.44,1.88,0.34,0
167,Łukasz Fabiański,GK,West Ham,37,1985,34.6,0.06,0,0.06,0,0,0.03,0.06,50,0.03,0.03,0,0.03,0,0.06,0.29,0.03
168,Fabinho,MF,Liverpool,28,1993,29.7,2.19,1.28,0.61,1.35,0.24,0.81,2.09,38.7,1.28,1.28,0.37,0.91,1.25,3.43,1.35,0
169,Wout Faes,DF,Leicester City,24,1998,31,1.81,1.06,0.9,0.84,0.06,0.9,1.42,63.6,0.52,1.71,1.19,0.52,1.32,3.13,3.65,0.06
170,Felipe,DF,Nott'ham Forest,33,1989,15.8,2.66,1.46,1.84,0.82,0,1.52,2.59,58.5,1.08,2.15,0.82,1.33,2.28,4.94,5.7,0
171,João Félix,"FW,MF",Chelsea,22,1999,10.5,1.33,0.67,0.48,0.57,0.29,0.38,1.14,33.3,0.76,0.29,0,0.29,0.1,1.43,0.1,0.1
172,Evan Ferguson,FW,Brighton,17,2004,10.6,0.57,0.28,0.09,0.28,0.19,0.09,0.66,14.3,0.57,1.04,0.09,0.94,0.19,0.75,0.57,0
173,Bruno Fernandes,"MF,FW",Manchester Utd,27,1994,36.8,1.85,1.14,0.65,0.68,0.52,0.82,1.93,42.3,1.11,1.01,0.14,0.87,0.68,2.53,1.09,0.03
174,Enzo Fernández,MF,Chelsea,21,2001,17.2,2.62,1.57,1.45,0.99,0.17,1.22,3.26,37.5,2.03,1.86,0.12,1.74,0.93,3.55,0.7,0.06
175,Roberto Firmino,"FW,MF",Liverpool,30,1991,13.5,1.26,0.89,0.15,0.89,0.22,0.3,1.56,19,1.26,1.19,0.07,1.11,0.52,1.78,0.15,0
176,Junior Firpo,DF,Leeds United,25,1996,15.2,3.09,1.64,1.78,0.99,0.33,1.58,3.03,52.2,1.45,1.51,0.46,1.05,1.58,4.67,2.63,0
177,Phil Foden,FW,Manchester City,22,2000,20.5,0.78,0.49,0.44,0.24,0.1,0.39,0.93,42.1,0.54,1.22,0.1,1.12,0.24,1.02,0.59,0
178,Datro Fofana,FW,Chelsea,19,2002,0.8,3.75,1.25,1.25,1.25,1.25,1.25,1.25,100,0,1.25,0,1.25,0,3.75,0,0
179,Wesley Fofana,DF,Leicester City,21,2000,2,2,1,0.5,1,0.5,0.5,1.5,33.3,1,0.5,0.5,0,4.5,6.5,2.5,0
180,Wesley Fofana,DF,Chelsea,21,2000,13.1,2.29,1.37,1.45,0.53,0.31,0.99,1.98,50,0.99,1.3,0.76,0.53,1.53,3.82,2.52,0.15
181,Pablo Fornals,"FW,MF",West Ham,26,1996,16.7,1.8,0.9,0.54,0.72,0.54,0.78,2.04,38.2,1.26,0.96,0.12,0.84,0.84,2.63,0.54,0
182,Adam Forshaw,MF,Leeds United,30,1991,5.3,2.26,1.7,0.94,1.32,0,1.32,3.21,41.2,1.89,1.7,0.19,1.51,0.75,3.02,0.38,0
183,Fraser Forster,GK,Tottenham,34,1988,13.5,0.07,0,0.07,0,0,0,0,,0,0.07,0,0.07,0,0.07,0.22,0.07
184,Tyrese Francois,FW,Fulham,22,2000,0,0,0,0,0,0,0,0,,0,0,0,0,0,0,1,0
185,Ryan Fraser,FW,Newcastle Utd,28,1994,3.5,0.57,0.57,0,0,0.57,0.57,1.43,40,0.86,0.86,0.29,0.57,0,0.57,0.86,0
186,Fred,MF,Manchester Utd,29,1993,13.9,3.38,2.16,1.73,1.44,0.22,1.08,2.73,39.5,1.65,2.73,0.14,2.59,1.37,4.75,1.37,0
187,Ryan Fredericks,DF,Bournemouth,29,1992,5.9,0.51,0.34,0.34,0,0.17,0.17,0.68,25,0.51,1.19,0.34,0.85,0.17,0.68,4.58,0
188,Remo Freuler,MF,Nott'ham Forest,30,1992,24,1.79,0.96,0.96,0.63,0.21,0.79,1.79,44.2,1,1.5,0.38,1.13,1.21,3,1.88,0
189,Cody Gakpo,"FW,MF",Liverpool,23,1999,16.2,1.6,0.93,0.25,0.8,0.56,0.8,2.35,34.2,1.54,0.8,0.06,0.74,0.25,1.85,0.12,0
190,Conor Gallagher,MF,Chelsea,22,2000,18,2.56,1.83,0.94,1.06,0.56,0.56,2.06,27,1.5,2.28,0.56,1.72,1.28,3.83,1,0.06
191,Idrissa Gana Gueye,MF,Everton,32,1989,28.6,3.39,1.99,1.71,1.22,0.45,1.08,2.1,51.7,1.01,1.75,0.42,1.33,1.96,5.35,1.19,0.1
192,Alejandro Garnacho,"FW,MF",Manchester Utd,18,2004,6.3,0.79,0.32,0.32,0,0.48,0.16,1.75,9.1,1.59,0.79,0,0.79,0.79,1.59,0.48,0
193,James Garner,"MF,DF",Everton,21,2001,8.9,1.8,1.46,0.45,0.9,0.45,1.01,2.13,47.4,1.12,1.01,0.11,0.9,1.35,3.15,1.46,0
194,David de Gea,GK,Manchester Utd,31,1990,38,0,0,0,0,0,0,0.03,0,0.03,0,0,0,0.03,0.03,0.39,0.08
195,Joe Gelhardt,FW,Leeds United,20,2002,2.4,2.5,0.83,0.42,1.25,0.83,1.25,2.08,60,0.83,2.08,0,2.08,0,2.5,1.67,0
196,Saman Ghoddos,"MF,FW",Brentford,28,1993,1.5,1.33,0.67,0,0.67,0.67,0.67,2,33.3,1.33,3.33,0.67,2.67,2.67,4,1.33,0
197,Morgan Gibbs-White,"FW,MF",Wolves,22,2000,2,1.5,0.5,1.5,0,0,1,1.5,66.7,0.5,1,0,1,0.5,2,1.5,0
198,Morgan Gibbs-White,"MF,FW",Nott'ham Forest,22,2000,33,0.79,0.42,0.21,0.21,0.36,0.33,0.97,34.4,0.64,0.7,0.12,0.58,0.42,1.21,0.45,0
199,Billy Gilmour,MF,Brighton,21,2001,5.6,0.89,0.36,0.36,0.36,0.18,0.36,1.43,25,1.07,0.89,0.36,0.54,1.07,1.96,0.89,0
200,Degnand Gnonto,"FW,MF",Leeds United,18,2003,15,1.8,1.13,0.47,1,0.33,0.67,2,33.3,1.33,1.6,0.07,1.53,0.33,2.13,0.47,0
201,Ben Godfrey,DF,Everton,24,1998,8.9,2.25,1.24,1.46,0.56,0.22,1.24,3.26,37.9,2.02,1.35,0.67,0.67,0.9,3.15,3.71,0.11
202,João Gomes,MF,Wolves,21,2001,7.3,3.97,1.78,1.92,1.92,0.14,1.78,3.15,56.5,1.37,1.64,0.41,1.23,0.55,4.52,1.51,0
203,Toti Gomes,DF,Wolves,23,1999,10.9,1.38,0.83,1.01,0.37,0,0.83,1.19,69.2,0.37,1.47,0.73,0.73,1.01,2.39,4.68,0
204,Joe Gomez,DF,Liverpool,25,1997,16.3,1.72,1.29,0.92,0.67,0.12,0.67,1.17,57.9,0.49,1.04,0.67,0.37,1.47,3.19,3.13,0.12
205,Sergio Gómez,"DF,MF",Manchester City,21,2000,3.9,2.31,1.03,1.54,0.26,0.51,1.28,2.05,62.5,0.77,1.28,0.77,0.51,0.51,2.82,2.31,0.26
206,Anthony Gordon,"FW,MF",Newcastle Utd,21,2001,5.4,2.59,2.22,0.93,1.3,0.37,1.67,3.7,45,2.04,1.67,0.19,1.48,0.37,2.96,0.19,0.19
207,Anthony Gordon,FW,Everton,21,2001,12.2,2.79,1.8,1.39,0.82,0.57,0.66,1.89,34.8,1.23,1.56,0,1.56,0.33,3.11,0.9,0
208,Demarai Gray,"FW,MF",Everton,26,1996,27.9,1.18,0.86,0.32,0.5,0.36,0.61,1.11,54.8,0.5,0.82,0.11,0.72,0.47,1.65,0.65,0
209,Jack Grealish,FW,Manchester City,26,1995,22.8,1.1,0.7,0.44,0.53,0.13,0.57,0.96,59.1,0.39,0.75,0.13,0.61,0.31,1.4,0.39,0
210,Sam Greenwood,"MF,FW",Leeds United,20,2002,4.7,3.19,1.49,1.49,1.7,0,1.7,4.47,38.1,2.77,2.13,0.43,1.7,0.21,3.4,0.21,0
211,Pascal Groß,"MF,DF",Brighton,31,1991,36,1.64,1.06,0.64,0.75,0.25,0.69,1.53,45.5,0.83,0.89,0.28,0.61,0.36,2,0.58,0.03
212,Vicente Guaita,GK,Crystal Palace,35,1987,27,0,0,0,0,0,0,0,,0,0,0,0,0,0,0.33,0.04
213,Gonçalo Guedes,"FW,MF",Wolves,25,1996,7.9,1.01,0.76,0.51,0.38,0.13,0.63,1.01,62.5,0.38,0.51,0,0.51,0.13,1.14,0.25,0
214,Marc Guéhi,DF,Crystal Palace,22,2000,37,1.41,0.73,1.05,0.3,0.05,0.7,1.14,61.9,0.43,1.22,0.65,0.57,1.22,2.62,3.62,0.08
215,Bruno Guimarães,MF,Newcastle Utd,24,1997,30.3,2.57,1.32,0.89,1.52,0.17,1.25,2.15,58.5,0.89,0.92,0.13,0.79,1.19,3.76,0.73,0.03
216,İlkay Gündoğan,MF,Manchester City,31,1990,26.1,1.15,0.69,0.27,0.5,0.38,0.46,1.26,36.4,0.8,0.69,0.11,0.57,0.77,1.92,0.5,0
217,Darko Gyabi,FW,Leeds United,18,2004,0.1,20,20,10,10,0,0,0,,0,20,0,20,0,20,0,0
218,Erling Haaland,FW,Manchester City,22,2000,30.8,0.1,0.06,0,0.06,0.03,0.03,0.16,20,0.13,0.39,0.13,0.26,0.1,0.19,0.45,0
219,Lewis Hall,DF,Chelsea,17,2004,7.3,3.15,1.64,2.6,0.55,0,2.05,3.01,68.2,0.96,1.1,0,1.1,1.51,4.66,1.51,0.14
220,Luke Harris,"MF,FW",Fulham,17,2005,0.1,0,0,0,0,0,0,0,,0,0,0,0,0,0,0,0
221,Jack Harrison,"FW,MF",Leeds United,25,1996,30.1,1.36,0.56,0.17,0.5,0.7,0.4,1.73,23.1,1.33,1.56,0.07,1.5,0.73,2.09,0.83,0
222,Kai Havertz,"FW,MF",Chelsea,23,1999,28.5,1.19,0.56,0.14,0.7,0.35,0.35,1.05,33.3,0.7,0.98,0,0.98,0.25,1.44,1.44,0
223,Jan Paul van Hecke,DF,Brighton,22,2000,3.3,2.42,1.82,0.91,1.21,0.3,1.52,1.52,100,0,2.42,1.52,0.91,1.82,4.24,2.73,0
224,Hwang Hee-chan,"FW,MF",Wolves,26,1996,12.6,1.59,0.71,0.56,0.63,0.4,0.48,1.51,31.6,1.03,1.43,0.16,1.27,0.4,1.98,0.4,0
225,Dean Henderson,GK,Nott'ham Forest,25,1997,18,0,0,0,0,0,0,0,,0,0,0,0,0,0,0.67,0.06
226,Jordan Henderson,MF,Liverpool,32,1990,23,1.39,1,0.43,0.78,0.17,0.65,1.57,41.7,0.91,0.91,0.13,0.78,0.91,2.3,0.7,0.04
227,Wayne Hennessey,GK,Nott'ham Forest,35,1987,3,0.33,0,0.33,0,0,0.33,0.33,100,0,0,0,0,0,0.33,0.67,0
228,Rico Henry,DF,Brentford,25,1997,36,1.58,0.86,0.56,0.78,0.25,0.61,1.14,53.7,0.53,0.81,0.22,0.58,0.83,2.42,2.33,0.03
229,Son Heung-min,"MF,FW",Tottenham,30,1992,32.1,0.75,0.37,0.22,0.25,0.28,0.28,0.93,30,0.65,0.72,0.06,0.65,0.4,1.15,0.19,0
230,Aaron Hickey,DF,Brentford,20,2002,21.3,1.78,1.22,1.27,0.52,0,0.85,1.5,56.3,0.66,0.85,0.33,0.52,0.8,2.58,1.5,0.05
231,Jack Hinshelwood,FW,Brighton,17,2005,0,1,0,1,0,0,0,0,,0,0,0,0,0,1,0,0
232,Joseph Hodge,MF,Wolves,19,2002,1.9,2.63,1.05,0.53,1.58,0.53,1.58,2.11,75,0.53,2.63,0,2.63,0,2.63,1.05,0.53
233,Rob Holding,DF,Arsenal,26,1995,6.3,1.27,0.79,0.63,0.63,0,0.48,0.95,50,0.48,0.95,0.79,0.16,0.48,1.75,4.29,0.16
234,Mason Holgate,DF,Everton,25,1996,5.6,1.96,1.25,1.43,0.54,0,0.54,1.96,27.3,1.43,1.25,0.54,0.71,1.25,3.21,5,0
235,Will Hughes,MF,Crystal Palace,27,1995,9.4,3.09,1.7,1.17,1.7,0.21,1.17,2.13,55,0.96,1.7,0.74,0.96,1.7,4.79,0.96,0
236,Omari Hutchinson,FW,Chelsea,18,2003,0.3,0,0,0,0,0,0,0,,0,0,0,0,3.33,3.33,0,0
237,Pierre Højbjerg,MF,Tottenham,26,1995,34.8,1.61,0.86,0.8,0.63,0.17,0.75,1.93,38.8,1.18,1.32,0.49,0.83,1.41,3.02,1.84,0.03
238,Kelechi Iheanacho,"FW,MF",Leicester City,25,1996,12.5,0.56,0.16,0,0.24,0.32,0.24,0.8,30,0.56,0.72,0.08,0.64,0,0.56,0.64,0
239,Danny Ings,FW,West Ham,30,1992,8.6,1.05,0.93,0,0.47,0.58,0.58,1.63,35.7,1.05,0.93,0.23,0.7,0.35,1.4,0.58,0
240,Danny Ings,FW,Aston Villa,30,1992,9.2,1.09,0.54,0.11,0.65,0.33,0.11,0.65,16.7,0.54,1.3,0.11,1.2,0.11,1.2,1.2,0
241,Alexander Isak,FW,Newcastle Utd,22,1999,16.9,1.07,0.47,0.24,0.41,0.41,0.59,1.66,35.7,1.07,1.24,0.12,1.12,0.24,1.3,0.47,0
242,Daniel Iversen,GK,Leicester City,25,1997,12,0,0,0,0,0,0,0,,0,0,0,0,0,0,0.5,0.08
243,Alex Iwobi,"MF,FW",Everton,26,1996,37.5,1.84,0.99,0.99,0.75,0.11,0.88,1.73,50.8,0.85,1.09,0.05,1.04,0.67,2.51,0.77,0
244,Daniel James,FW,Leeds United,24,1997,2.2,2.73,0.91,0.45,1.36,0.91,1.36,2.73,50,1.36,1.82,0,1.82,0.91,3.64,0.91,0
245,Daniel James,FW,Fulham,24,1997,6.9,1.3,0.72,0.58,0.58,0.14,0.58,1.16,50,0.58,0.72,0.14,0.58,0.14,1.45,0.72,0
246,Reece James,"DF,MF",Chelsea,22,1999,13.8,2.25,1.45,0.72,1.3,0.22,1.09,1.38,78.9,0.29,1.23,0.14,1.09,0.87,3.12,1.67,0
247,Vitaly Janelt,"MF,DF",Brentford,24,1998,24.5,2.2,1.1,0.82,0.98,0.41,0.86,2,42.9,1.14,1.18,0.37,0.82,1.18,3.39,1.06,0
248,Pontus Jansson,DF,Brentford,31,1991,8,0.63,0.38,0.5,0.13,0,0.38,0.63,60,0.25,1.63,1.13,0.5,1.13,1.75,4.75,0
249,Mathias Jensen,MF,Brentford,26,1996,31.1,2.25,1.13,0.9,0.96,0.39,1.09,3.12,35.1,2.03,1.74,0.16,1.58,1.03,3.28,0.77,0.03
250,Gabriel Jesus,FW,Arsenal,25,1997,22.9,1.44,1.09,0.7,0.35,0.39,0.66,1.35,48.4,0.7,1.18,0.13,1.05,0.48,1.92,0.66,0.04
251,Raúl Jiménez,FW,Wolves,31,1991,9.4,0.96,0.64,0.32,0.53,0.11,0.32,0.64,50,0.32,0.96,0,0.96,0,0.96,0.85,0
252,Joelinton,"MF,FW",Newcastle Utd,25,1996,29.6,2.36,1.66,1.22,0.88,0.27,0.88,2.09,41.9,1.22,1.76,0.24,1.52,1.62,3.99,1.32,0
253,Ben Johnson,DF,West Ham,22,2000,9.6,2.08,1.46,1.25,0.42,0.42,1.25,1.88,66.7,0.63,1.25,0.42,0.83,0.94,3.02,2.92,0.1
254,Brennan Johnson,"FW,MF",Nott'ham Forest,21,2001,32.6,1.04,0.61,0.55,0.25,0.25,0.25,0.86,28.6,0.61,0.92,0.03,0.89,0.15,1.2,0.21,0.03
255,Sam Johnstone,GK,Crystal Palace,29,1993,9,0,0,0,0,0,0,0,,0,0,0,0,0,0,0.56,0
256,Curtis Jones,MF,Liverpool,21,2001,11.5,2.96,1.48,0.7,1.04,1.22,1.57,2.7,58.1,1.13,1.04,0.17,0.87,0.26,3.22,0.78,0
257,Jorginho,MF,Arsenal,30,1991,9.5,1.89,1.37,0.63,1.05,0.21,0.53,2.53,20.8,2,0.74,0.21,0.53,0.95,2.84,0.84,0
258,Jorginho,MF,Chelsea,30,1991,14.2,2.96,1.62,1.55,0.99,0.42,1.55,3.24,47.8,1.69,1.27,0.21,1.06,1.48,4.44,0.49,0
259,Mateo Joseph,"FW,MF",Leeds United,18,2003,0.3,0,0,0,0,0,0,0,,0,3.33,0,3.33,0,0,3.33,0
260,Diogo Jota,FW,Liverpool,25,1996,12.6,1.83,1.19,0.63,0.63,0.56,0.95,2.94,32.4,1.98,0.4,0,0.4,0.24,2.06,0.87,0
261,Hamed Junior Traorè,"FW,MF",Bournemouth,22,2000,4.7,3.62,2.34,1.06,1.91,0.64,1.28,3.83,33.3,2.55,1.91,0,1.91,0.43,4.04,0.21,0
262,James Justin,DF,Leicester City,24,1998,13.9,1.44,1.29,0.5,0.86,0.07,0.65,1.01,64.3,0.36,1.73,0.43,1.29,1.08,2.52,3.38,0
263,Mathias Jørgensen,DF,Brentford,32,1990,12.3,1.38,0.65,0.73,0.65,0,0.73,1.71,42.9,0.98,1.54,0.98,0.57,1.3,2.68,3.17,0.08
264,Sasa Kalajdzic,FW,Wolves,25,1997,0.5,0,0,0,0,0,0,0,,0,0,0,0,2,2,0,0
265,Boubacar Kamara,MF,Aston Villa,22,1999,19.7,2.94,1.27,1.27,1.17,0.51,1.37,2.84,48.2,1.47,1.93,0.61,1.32,0.96,3.91,1.22,0.1
266,Harry Kane,FW,Tottenham,29,1993,37.8,0.4,0.32,0.03,0.16,0.21,0.19,0.56,33.3,0.37,0.71,0.19,0.53,0.05,0.45,0.48,0
267,N'Golo Kanté,MF,Chelsea,31,1991,5.8,2.76,1.72,0.69,1.72,0.34,0.69,1.38,50,0.69,1.9,0,1.9,1.03,3.79,0.34,0
268,Michael Keane,DF,Everton,29,1993,10.9,0.64,0.37,0.46,0.18,0,0.46,0.73,62.5,0.28,1.1,0.64,0.46,1.28,1.93,5.05,0.09
269,Neeskens Kebano,FW,Fulham,30,1992,8.5,2,1.06,0.94,0.71,0.35,1.06,2,52.9,0.94,1.65,0,1.65,0.12,2.12,0.94,0
270,Thilo Kehrer,DF,West Ham,25,1996,24.8,1.73,0.97,1.01,0.56,0.16,0.85,1.77,47.7,0.93,0.65,0.24,0.4,1.37,3.1,3.06,0.04
271,Naby Keïta,MF,Liverpool,27,1995,3.3,1.52,1.21,0.61,0.91,0,0.3,1.21,25,0.91,0.3,0,0.3,0.61,2.12,0.91,0
272,Caoimhín Kelleher,GK,Liverpool,23,1998,1,0,0,0,0,0,0,0,,0,0,0,0,0,0,0,0
273,Lloyd Kelly,DF,Bournemouth,23,1998,22.7,1.45,0.79,1.01,0.4,0.04,0.57,0.84,68.4,0.26,1.15,0.66,0.48,1.15,2.6,4.45,0.04
274,Max Kilman,DF,Wolves,25,1997,36.7,0.98,0.54,0.71,0.25,0.03,0.44,0.82,53.3,0.38,1.91,1.14,0.76,0.52,1.5,4.47,0.03
275,Jakub Kiwior,DF,Arsenal,22,2000,4.7,1.49,1.06,1.28,0.21,0,1.06,1.7,62.5,0.64,1.06,0.64,0.43,1.28,2.77,2.13,0
276,Mateusz Klich,"MF,FW",Leeds United,32,1990,3.1,3.87,2.58,0.97,1.29,1.61,2.26,4.19,53.8,1.94,1.29,0,1.29,0,3.87,0.32,0
277,Robin Koch,DF,Leeds United,26,1996,35.3,1.5,0.85,0.91,0.45,0.14,0.68,1.59,42.9,0.91,1.25,0.59,0.65,1.22,2.72,4.31,0.03
278,Ibrahima Konaté,DF,Liverpool,23,1999,17.2,2.21,1.51,1.45,0.76,0,0.93,1.57,59.3,0.64,0.7,0.29,0.41,1.51,3.72,3.55,0.23
279,Ezri Konsa,DF,Aston Villa,24,1997,36.9,1.14,0.54,0.68,0.41,0.05,0.49,0.7,69.2,0.22,1.11,0.62,0.49,0.7,1.84,3.25,0.08
280,Kalidou Koulibaly,DF,Chelsea,31,1991,20,2.25,1.55,1.7,0.4,0.15,1.3,2,65,0.7,1.5,0.65,0.85,1.45,3.7,3.85,0
281,Cheikhou Kouyaté,MF,Nott'ham Forest,32,1989,9.8,2.96,2.14,1.84,0.82,0.31,0.92,1.33,69.2,0.41,1.43,0.2,1.22,1.02,3.98,2.45,0
282,Mateo Kovačić,MF,Chelsea,28,1994,19,1.89,1.26,0.84,0.74,0.32,0.74,1.89,38.9,1.16,0.53,0.05,0.47,1,2.89,0.84,0
283,Emil Krafth,DF,Newcastle Utd,27,1994,0,0,0,0,0,0,0,0,,0,0,0,0,0,0,0,0
284,Dejan Kulusevski,"MF,FW",Tottenham,22,2000,23,1.65,0.65,1,0.3,0.35,0.7,1.91,36.4,1.22,0.83,0,0.83,0.57,2.22,0.3,0
285,Layvin Kurzawa,DF,Fulham,29,1992,1.5,2,1.33,0.67,0.67,0.67,2,2,100,0,0.67,0.67,0,1.33,3.33,2.67,0
286,Adam Lallana,"MF,FW",Brighton,34,1988,8,1.13,0.5,0.75,0.25,0.13,0,0.88,0,0.88,0.75,0,0.75,0.25,1.38,0.13,0
287,Tariq Lamptey,DF,Brighton,21,2000,5,2.2,1.2,1.2,0.8,0.2,1,1.4,71.4,0.4,1.4,0.6,0.8,1.4,3.6,0.4,0
288,Manuel Lanzini,"MF,FW",West Ham,29,1993,2.8,0.71,0.71,0.36,0.36,0,0.71,2.14,33.3,1.43,0.71,0,0.71,0.71,1.43,0,0
289,Aymeric Laporte,DF,Manchester City,28,1994,11,1,0.73,0.55,0.36,0.09,0.64,1,63.6,0.36,0.91,0.36,0.55,0.27,1.27,2.73,0.09
290,Juan Larios,DF,Southampton,18,2004,1.7,4.12,3.53,3.53,0.59,0,2.94,2.94,100,0,1.18,0,1.18,1.76,5.88,2.35,0
291,Jamaal Lascelles,DF,Newcastle Utd,28,1993,2.4,0.42,0,0.42,0,0,0.42,0.42,100,0,1.25,0.83,0.42,0,0.42,7.08,0
292,Roméo Lavia,MF,Southampton,18,2004,24.7,2.43,1.42,1.09,1.17,0.16,0.85,2.15,39.6,1.3,1.9,0.45,1.46,1.34,3.77,0.93,0.04
293,Dexter Lembikisa,DF,Wolves,18,2003,0.3,0,0,0,0,0,0,0,,0,0,0,0,0,0,0,0
294,Mario Lemina,MF,Wolves,28,1993,14.4,2.64,1.67,1.53,0.9,0.21,1.39,2.64,52.6,1.25,1.81,0.56,1.25,0.97,3.61,1.67,0.07
295,Clément Lenglet,DF,Tottenham,27,1995,22.4,1.7,1.03,0.8,0.67,0.22,0.71,1.52,47.1,0.8,1.16,0.49,0.67,0.8,2.5,3.04,0.09
296,Bernd Leno,GK,Fulham,30,1992,36,0,0,0,0,0,0,0.06,0,0.06,0,0,0,0,0,0.5,0
297,Jefferson Lerma,MF,Bournemouth,27,1994,36.1,1.39,0.83,0.64,0.64,0.11,0.55,1.25,44.4,0.69,0.89,0.42,0.47,1.3,2.69,2.52,0.03
298,Jamal Lewis,"DF,FW",Newcastle Utd,24,1998,0.1,0,0,0,0,0,0,0,,0,0,0,0,0,0,0,0
299,Rico Lewis,"DF,MF",Manchester City,17,2004,10,1.6,0.9,0.9,0.5,0.2,0.6,1.1,54.5,0.5,0.8,0.4,0.4,0.6,2.2,1.3,0.1
300,Keane Lewis-Potter,"FW,MF",Brentford,21,2001,3.6,0.28,0,0,0.28,0,0,0,,0,1.39,0.28,1.11,0,0.28,0.56,0
301,Victor Lindelöf,DF,Manchester Utd,28,1994,15.2,1.45,1.12,0.66,0.59,0.2,0.59,1.12,52.9,0.53,1.18,0.59,0.59,1.38,2.83,4.14,0.07
302,Jesse Lingard,"FW,MF",Nott'ham Forest,29,1992,10.3,0.39,0.39,0.19,0.19,0,0.1,0.68,14.3,0.58,1.07,0,1.07,0.49,0.87,0.39,0
303,Valentino Livramento,"DF,FW",Southampton,19,2002,0.3,6.67,3.33,6.67,0,0,0,0,,0,0,0,0,6.67,13.3,10,0
304,Diego Llorente,DF,Leeds United,28,1993,7.2,1.81,1.39,1.11,0.69,0,0.56,1.11,50,0.56,0.83,0.28,0.56,2.08,3.89,3.33,0.28
305,Hugo Lloris,GK,Tottenham,35,1986,24.5,0.04,0.04,0.04,0,0,0.04,0.12,33.3,0.08,0,0,0,0.04,0.08,0.53,0.16
306,Renan Lodi,DF,Nott'ham Forest,24,1998,24.6,2.11,1.59,1.54,0.33,0.24,1.34,2.68,50,1.34,1.02,0.24,0.77,1.34,3.46,3.01,0
307,Ruben Loftus-Cheek,"MF,DF",Chelsea,26,1996,17.1,1.46,0.82,0.47,0.82,0.18,0.7,1.23,57.1,0.53,0.88,0.12,0.76,0.7,2.16,1.35,0
308,Sean Longstaff,MF,Newcastle Utd,24,1997,28,1.5,0.75,0.57,0.71,0.21,0.71,1.86,38.5,1.14,1.25,0.29,0.96,0.57,2.07,0.82,0
309,Jamal Lowe,"MF,FW",Bournemouth,28,1994,0.1,0,0,0,0,0,0,0,,0,0,0,0,0,0,0,0
310,Douglas Luiz,MF,Aston Villa,24,1998,32.5,2.25,1.29,0.95,0.98,0.31,0.92,1.94,47.6,1.02,1.11,0.22,0.89,1.23,3.48,0.83,0.06
311,Saša Lukić,MF,Fulham,25,1996,4.6,1.74,0.65,0.22,0.87,0.65,0.65,1.52,42.9,0.87,1.3,0.43,0.87,1.09,2.83,0.65,0
312,Lyanco,DF,Southampton,25,1997,13.1,1.83,1.22,1.15,0.69,0,0.92,1.37,66.7,0.46,2.29,1.91,0.38,1.53,3.36,4.96,0.15
313,Alexis Mac Allister,MF,Brighton,23,1998,32.1,2.18,1.21,0.69,1.25,0.25,1.06,2.18,48.6,1.12,0.81,0.06,0.75,0.69,2.87,0.31,0.03
314,James Maddison,"MF,FW",Leicester City,25,1996,27.6,1.85,0.94,0.91,0.69,0.25,0.69,1.81,38,1.12,0.69,0.04,0.65,0.47,2.32,0.22,0.04
315,Noni Madueke,FW,Chelsea,20,2002,7.1,1.69,1.13,0.7,0.56,0.42,0.85,1.83,46.2,0.99,1.83,0.28,1.55,0.56,2.25,0.99,0
316,Harry Maguire,DF,Manchester Utd,29,1993,8.5,0.94,0.71,0.71,0.12,0.12,0.47,0.59,80,0.12,2.12,1.29,0.82,1.53,2.47,4.82,0
317,Riyad Mahrez,"FW,MF",Manchester City,31,1991,21.3,1.41,0.66,0.38,0.61,0.42,0.61,1.78,34.2,1.17,1.27,0.05,1.22,0.42,1.83,0.23,0
318,Kobbie Mainoo,MF,Manchester Utd,17,2005,0.1,0,0,0,0,0,0,0,,0,10,10,0,0,0,0,0
319,Ainsley Maitland-Niles,"DF,MF",Southampton,24,1997,15.6,2.88,1.54,1.47,1.15,0.26,1.79,2.82,63.6,1.03,1.79,0.45,1.35,1.41,4.29,2.88,0.06
320,Tyrell Malacia,DF,Manchester Utd,22,1999,15.5,2.97,2.13,2.13,0.77,0.06,0.9,1.61,56,0.71,0.84,0.19,0.65,1.61,4.58,3.16,0
321,Orel Mangala,MF,Nott'ham Forest,24,1998,17.2,1.63,1.16,0.93,0.58,0.12,0.7,1.69,41.4,0.99,1.22,0.41,0.81,1.34,2.97,0.87,0
322,Javier Manquillo,DF,Newcastle Utd,28,1994,0.4,7.5,5,5,2.5,0,5,5,100,0,2.5,0,2.5,2.5,10,2.5,0
323,Sekou Mara,"FW,MF",Southampton,20,2002,6.2,2.26,1.61,0.81,1.29,0.16,0.48,1.45,33.3,0.97,1.77,0,1.77,0.16,2.42,0.81,0
324,Solly March,"FW,DF",Brighton,28,1994,30.2,1.75,1.03,0.53,0.56,0.66,0.26,0.93,28.6,0.66,1.13,0.1,1.03,0.79,2.55,1.06,0
325,Emiliano Marcondes,MF,Bournemouth,27,1995,0.1,0,0,0,0,0,0,0,,0,0,0,0,0,0,10,0
326,Marquinhos,MF,Arsenal,19,2003,0,0,0,0,0,0,0,0,,0,0,0,0,0,0,0,0
327,Anthony Martial,FW,Manchester Utd,26,1995,10.9,0.46,0.28,0,0.18,0.28,0.09,0.37,25,0.28,1.01,0.18,0.83,0.09,0.55,0.37,0
328,Martinelli,FW,Arsenal,21,2001,31,1,0.58,0.42,0.39,0.19,0.29,0.71,40.9,0.42,0.77,0.03,0.74,0.29,1.29,0.45,0
329,Emiliano Martínez,GK,Aston Villa,29,1992,34.9,0,0,0,0,0,0,0.06,0,0.06,0,0,0,0.03,0.03,0.66,0.03
330,Lisandro Martínez,DF,Manchester Utd,24,1998,23.5,2.3,1.19,1.4,0.77,0.13,1.28,1.83,69.8,0.55,2.17,1.15,1.02,1.4,3.7,4.38,0
331,Pape Matar Sarr,"MF,FW",Tottenham,19,2002,2.4,2.92,2.5,1.67,0.83,0.42,1.67,3.33,50,1.67,1.25,0.83,0.42,2.5,5.42,2.5,0
332,Jean-Philippe Mateta,FW,Crystal Palace,25,1997,8.6,0.81,0.12,0.23,0.47,0.12,0.12,0.35,33.3,0.23,0.35,0.12,0.23,0.35,1.16,2.09,0
333,Joël Matip,DF,Liverpool,30,1991,12.1,1.16,0.66,0.99,0.17,0,0.91,1.9,47.8,0.99,0.66,0.25,0.41,1.74,2.89,3.72,0.25
334,Neal Maupay,FW,Everton,25,1996,12.4,0.89,0.4,0.24,0.32,0.32,0.16,0.32,50,0.16,0.65,0,0.65,0.4,1.29,0,0
335,Kevin Mbabu,"DF,FW",Fulham,27,1995,1.6,1.88,1.25,1.25,0.63,0,0.63,1.88,33.3,1.25,1.25,0,1.25,1.88,3.75,1.88,0
336,Bryan Mbeumo,FW,Brentford,22,1999,32.3,0.8,0.56,0.15,0.4,0.25,0.25,1.3,19,1.05,0.74,0.03,0.71,0.4,1.21,0.65,0
337,James McArthur,MF,Crystal Palace,34,1987,0.6,1.67,1.67,1.67,0,0,1.67,1.67,100,0,3.33,1.67,1.67,1.67,3.33,3.33,0
338,Alex McCarthy,GK,Southampton,32,1989,6,0,0,0,0,0,0,0.17,0,0.17,0,0,0,0.17,0.17,0.5,0.17
339,John McGinn,"MF,FW",Aston Villa,27,1994,29.9,2.21,1.2,0.9,0.97,0.33,1.14,2.37,47.9,1.24,1.44,0.13,1.3,0.8,3.01,0.64,0
340,Scott McKenna,DF,Nott'ham Forest,25,1996,17.5,0.69,0.4,0.4,0.17,0.11,0.34,0.57,60,0.23,1.14,0.8,0.34,0.69,1.37,4.86,0.06
341,Weston McKennie,MF,Leeds United,23,1998,16,1.88,0.81,0.31,1.13,0.44,0.63,1.81,34.5,1.19,1.38,0.19,1.19,1.38,3.25,1.63,0
342,Dwight McNeil,"FW,MF",Everton,22,1999,27.8,2.3,1.47,1.26,0.5,0.54,0.97,2.23,43.5,1.26,1.65,0.25,1.4,1.12,3.42,1.47,0
343,Scott McTominay,MF,Manchester Utd,25,1996,12.9,2.48,1.47,1.24,0.78,0.47,1.01,1.71,59.1,0.7,1.16,0.47,0.7,1.09,3.57,3.49,0
344,Ben Mee,DF,Brentford,32,1989,36.3,1.24,0.66,0.77,0.36,0.11,0.55,1.02,54.1,0.47,1.49,1.16,0.33,1.32,2.56,3.36,0.03
345,Edouard Mendy,GK,Chelsea,30,1992,9.5,0,0,0,0,0,0,0,,0,0,0,0,0,0,0.32,0.32
346,Nampalys Mendy,MF,Leicester City,30,1992,8.4,1.55,1.07,0.83,0.71,0,0.95,1.79,53.3,0.83,2.38,0.48,1.9,1.55,3.1,0.24,0
347,Chris Mepham,DF,Bournemouth,24,1997,24.4,1.84,0.9,1.52,0.33,0,0.78,1.23,63.3,0.45,1.64,1.11,0.53,1.23,3.07,6.23,0
348,Illan Meslier,GK,Leeds United,22,2000,34,0.06,0.03,0.06,0,0,0.06,0.12,50,0.06,0,0,0,0.03,0.09,0.88,0.09
349,Alexander Mighten,FW,Nott'ham Forest,20,2002,0.1,0,0,0,0,0,0,10,0,10,0,0,0,0,0,0,0
350,Lewis Miley,MF,Newcastle Utd,16,2006,0.2,0,0,0,0,0,0,0,,0,5,0,5,0,0,0,0
351,Luka Milivojević,MF,Crystal Palace,31,1991,5.7,2.28,1.23,1.23,0.7,0.35,1.23,1.75,70,0.53,2.28,0.7,1.58,2.11,4.39,1.75,0
352,James Milner,"MF,DF",Liverpool,36,1986,10.1,2.57,1.58,1.09,1.09,0.4,1.49,3.37,44.1,1.88,1.39,0.2,1.19,1.19,3.76,1.49,0
353,Yerry Mina,DF,Everton,27,1994,6.6,2.27,1.21,1.36,0.91,0,1.36,1.67,81.8,0.3,1.06,0.61,0.45,0.91,3.18,4.24,0
354,Tyrone Mings,DF,Aston Villa,29,1993,35,0.43,0.2,0.29,0.14,0,0.26,0.57,45,0.31,1.14,0.6,0.54,1.54,1.97,4.66,0.06
355,Tyrick Mitchell,DF,Crystal Palace,22,1999,32.1,2.21,1.53,1.34,0.72,0.16,0.93,1.65,56.6,0.72,1.5,0.34,1.15,1.31,3.52,2.43,0
356,Kaoru Mitoma,"FW,MF",Brighton,25,1997,25.8,1.71,1.05,0.58,0.62,0.5,0.78,1.59,48.8,0.81,0.97,0,0.97,0.66,2.36,0.39,0
357,Aleksandar Mitrović,FW,Fulham,27,1994,22.3,0.63,0.31,0.36,0.18,0.09,0.22,0.54,41.7,0.31,0.99,0.22,0.76,0.13,0.76,0.9,0.04
358,Kieffer Moore,FW,Bournemouth,29,1992,14.2,0.99,0.77,0.14,0.63,0.21,0.35,1.13,31.3,0.77,0.85,0.35,0.49,0.07,1.06,1.83,0
359,Andrew Moran,FW,Brighton,18,2003,0.1,0,0,0,0,0,0,0,,0,10,0,10,0,0,0,0
360,Álex Moreno,DF,Aston Villa,29,1993,14.8,1.55,0.95,1.01,0.34,0.2,0.88,2.43,36.1,1.55,1.22,0.2,1.01,0.47,2.03,2.5,0.14
361,Mason Mount,"MF,FW",Chelsea,23,1999,18.3,1.8,1.04,0.33,0.87,0.6,0.77,1.48,51.9,0.71,1.31,0.33,0.98,0.44,2.24,0.49,0
362,Lucas Moura,"MF,DF",Tottenham,29,1992,1.7,4.71,2.94,0.59,1.76,2.35,0.59,2.35,25,1.76,0,0,0,1.18,5.88,0.59,0.59
363,João Moutinho,MF,Wolves,35,1986,19.8,2.58,1.52,1.21,1.06,0.3,0.96,2.32,41.3,1.36,1.11,0.3,0.81,0.91,3.48,1.01,0
364,Divin Mubama,FW,West Ham,17,2004,0.4,2.5,2.5,2.5,0,0,0,0,,0,0,0,0,0,2.5,0,0
365,Mykhailo Mudryk,"FW,MF",Chelsea,21,2001,7.3,1.51,1.23,0.27,0.55,0.68,0.55,1.78,30.8,1.23,0.96,0.14,0.82,0,1.51,0.41,0
366,Jacob Murphy,FW,Newcastle Utd,27,1995,13.9,1.08,0.5,0.22,0.58,0.29,0.58,1.44,40,0.86,1.22,0,1.22,0.5,1.58,0.22,0
367,Enock Mwepu,"FW,MF",Brighton,24,1998,2.4,4.17,2.08,0.42,2.5,1.25,1.25,1.67,75,0.42,1.25,0.42,0.83,0.42,4.58,0.42,0
368,Vitaliy Mykolenko,DF,Everton,23,1999,29.5,1.97,1.15,1.22,0.64,0.1,0.95,1.73,54.9,0.78,1.69,0.54,1.15,1.56,3.53,3.36,0
369,Keylor Navas,GK,Nott'ham Forest,35,1986,17,0,0,0,0,0,0,0,,0,0,0,0,0.06,0.06,0.65,0.06
370,Wilfred Ndidi,MF,Leicester City,25,1996,18.7,3.26,2.25,1.82,1.28,0.16,0.91,2.3,39.5,1.39,1.71,0.75,0.96,2.03,5.29,2.57,0.16
371,Reiss Nelson,FW,Arsenal,22,1999,2.4,1.67,0.42,0.83,0.42,0.42,0.83,1.67,50,0.83,1.25,0,1.25,0,1.67,1.67,0
372,Neto,GK,Bournemouth,33,1989,26.5,0.11,0.04,0.11,0,0,0.11,0.11,100,0,0,0,0,0,0.11,0.38,0.11
373,Pedro Neto,"FW,MF",Wolves,22,2000,10.7,1.03,0.56,0.37,0.19,0.47,0.65,1.59,41.2,0.93,0.47,0.09,0.37,0.37,1.4,0.37,0
374,Rúben Neves,MF,Wolves,25,1997,33.5,2.36,1.28,0.93,0.99,0.45,0.96,2.21,43.2,1.25,1.76,0.66,1.1,1.49,3.85,2.54,0.03
375,Moussa Niakhate,DF,Nott'ham Forest,26,1996,12.9,1.4,0.7,1.16,0.23,0,0.85,1.71,50,0.85,1.4,0.62,0.78,1.47,2.87,4.65,0
376,Rasmus Nissen,DF,Leeds United,25,1997,21.8,2.84,1.61,1.61,0.96,0.28,1.93,3.49,55.3,1.56,1.47,0.64,0.83,1.61,4.45,2.8,0
377,Eddie Nketiah,FW,Arsenal,23,1999,12.1,1.07,0.74,0.5,0.17,0.41,0.17,0.66,25,0.5,0.58,0.08,0.5,0.08,1.16,0.58,0
378,Matheus Nunes,MF,Wolves,23,1998,27.4,2.45,1.57,1.31,0.8,0.33,1.02,2.23,45.9,1.2,1.28,0.15,1.13,0.58,3.03,1.28,0.07
379,Darwin Núñez,FW,Liverpool,23,1999,18.8,0.59,0.27,0.11,0.21,0.27,0.21,0.9,23.5,0.69,0.53,0,0.53,0.16,0.74,0.69,0
380,Ethan Nwaneri,FW,Arsenal,15,2007,0,0,0,0,0,0,0,0,,0,1,0,1,0,0,0,0
381,Christian Nørgaard,MF,Brentford,28,1994,19.6,2.65,1.53,1.07,1.48,0.1,0.92,2.45,37.5,1.53,1.63,0.46,1.17,1.73,4.39,2.09,0.1
382,Lewis O'Brien,MF,Nott'ham Forest,23,1998,6.5,2.46,1.38,0.62,1.69,0.15,0.92,1.85,50,0.92,2,0.31,1.69,0.77,3.23,1.38,0
383,Odeluga Offiah,DF,Brighton,19,2002,0.3,3.33,3.33,3.33,0,0,0,6.67,0,6.67,0,0,0,0,3.33,3.33,0
384,Angelo Ogbonna,DF,West Ham,34,1988,13.7,0.8,0.29,0.51,0.29,0,0.36,0.73,50,0.36,0.8,0.51,0.29,1.24,2.04,5.4,0.07
385,Michael Olise,"FW,MF",Crystal Palace,20,2001,30.5,1.9,1.11,0.92,0.85,0.13,0.82,1.97,41.7,1.15,1.51,0.03,1.48,0.85,2.75,0.56,0
386,Robin Olsen,GK,Aston Villa,32,1990,3.1,0,0,0,0,0,0,0.65,0,0.65,0,0,0,0,0,0.32,0
387,Amadou Onana,MF,Everton,20,2001,27.6,2.61,1.56,0.87,1.52,0.22,1.09,1.52,71.4,0.43,0.91,0.22,0.69,1.34,3.95,1.41,0
388,Josh Onomah,MF,Fulham,25,1997,0.2,5,0,5,0,0,0,0,,0,5,0,5,0,5,0,0
389,Paul Onuachu,FW,Southampton,28,1994,4.5,0.67,0.44,0.22,0.22,0.22,0.22,0.67,33.3,0.44,0.89,0.22,0.67,0,0.67,0.89,0
390,Frank Onyeka,MF,Brentford,24,1998,9.4,2.02,1.49,1.17,0.74,0.11,1.06,2.66,40,1.6,1.7,0.32,1.38,1.06,3.09,1.7,0
391,Mislav Oršić,MF,Southampton,29,1992,0.1,10,10,10,0,0,0,0,,0,0,0,0,0,10,0,0
392,Stefan Ortega,GK,Manchester City,29,1992,3,0,0,0,0,0,0,0,,0,0,0,0,0,0,0,0
393,Dango Ouattara,"MF,FW",Bournemouth,20,2002,13.8,2.03,1.09,1.45,0.43,0.14,0.94,2.32,40.6,1.38,1.45,0.22,1.23,0.94,2.97,2.1,0.07
394,Alex Oxlade-Chamberlain,"FW,MF",Liverpool,28,1993,3.7,1.35,1.08,0.27,0.54,0.54,0.27,1.35,20,1.08,1.35,0.54,0.81,0.27,1.62,1.08,0
395,David Ozoh,FW,Crystal Palace,17,2005,0,0,0,0,0,0,0,0,,0,0,0,0,0,0,0,0
396,João Palhinha,MF,Fulham,27,1995,34.5,4.26,2.41,1.68,1.88,0.7,2.06,3.88,53,1.83,1.39,0.14,1.25,1.33,5.59,1.77,0.06
397,Cole Palmer,"MF,FW",Manchester City,20,2002,4.1,1.22,0.24,0,0.73,0.49,0.73,1.22,60,0.49,0.49,0.24,0.24,0.24,1.46,0.49,0
398,Emerson Palmieri,DF,West Ham,27,1994,14.7,1.77,0.95,0.61,1.02,0.14,0.82,1.63,50,0.82,1.16,0.27,0.88,1.02,2.79,2.45,0
399,Lucas Paquetá,MF,West Ham,24,1997,23.9,2.97,2.22,0.96,1.51,0.5,1.13,2.76,40.9,1.63,1.72,0.17,1.55,0.67,3.64,1.3,0
400,Thomas Partey,MF,Arsenal,29,1993,27.6,2.54,1.45,0.72,1.27,0.54,0.91,1.88,48.1,0.98,0.94,0.18,0.76,1.01,3.55,1.49,0.04
401,Nathan Patterson,"DF,MF",Everton,20,2001,14.2,3.45,1.69,2.25,0.92,0.28,2.04,3.73,54.7,1.69,1.69,0.28,1.41,1.06,4.51,3.17,0
402,Ben Pearson,MF,Bournemouth,27,1995,3.2,2.19,0.94,0.94,0.94,0.31,0.31,0.94,33.3,0.63,1.25,0,1.25,0.63,2.81,1.88,0
403,Facundo Pellistri,"FW,MF",Manchester Utd,20,2001,0.7,1.43,1.43,0,1.43,0,0,0,,0,0,0,0,0,1.43,4.29,0
404,Andreas Pereira,MF,Fulham,26,1996,29.9,0.6,0.3,0.1,0.2,0.3,0.27,1.1,24.2,0.84,0.7,0.1,0.6,0.2,0.8,0.27,0
405,Ricardo Pereira,"DF,MF",Leicester City,28,1993,5,2.2,1.4,1.6,0.6,0,1.4,3.4,41.2,2,1.6,0.4,1.2,0.8,3,4,0
406,Ayoze Pérez,"MF,FW",Leicester City,29,1993,4.2,2.62,1.9,1.19,0.95,0.48,1.9,4.52,42.1,2.62,1.43,0,1.43,0.48,3.1,0.71,0
407,Ivan Perišić,"DF,MF",Tottenham,33,1989,23.4,1.79,1.03,1.07,0.43,0.3,1.15,2.01,57.4,0.85,1.24,0.3,0.94,0.94,2.74,2.09,0.04
408,Romain Perraud,DF,Southampton,24,1997,20.4,2.65,1.62,1.13,1.13,0.39,1.37,2.55,53.8,1.18,1.18,0.29,0.88,0.98,3.63,2.06,0
409,Máximo Perrone,MF,Manchester City,19,2003,0.2,0,0,0,0,0,0,0,,0,5,0,5,0,0,0,0
410,Cameron Peupion,MF,Brighton,19,2002,0.1,0,0,0,0,0,0,0,,0,0,0,0,0,0,0,0
411,Kalvin Phillips,MF,Manchester City,26,1995,3.3,1.82,1.21,0.91,0.91,0,0.61,2.73,22.2,2.12,2.12,0.91,1.21,1.52,3.33,3.03,0
412,Nathaniel Phillips,DF,Liverpool,25,1997,0.7,2.86,1.43,0,2.86,0,2.86,2.86,100,0,0,0,0,2.86,5.71,1.43,0
413,Jordan Pickford,GK,Everton,28,1994,37,0,0,0,0,0,0,0.03,0,0.03,0,0,0,0.11,0.11,0.41,0.08
414,Ethan Pinnock,DF,Brentford,29,1993,30,1.73,0.93,1.1,0.4,0.23,0.6,0.8,75,0.2,1.37,1.03,0.33,1.17,2.9,7.17,0.07
415,Daniel Podence,"FW,MF",Wolves,26,1995,19.7,1.37,0.86,0.66,0.46,0.25,0.3,1.57,19.4,1.27,0.96,0,0.96,0.36,1.73,0.3,0
416,Nick Pope,GK,Newcastle Utd,30,1992,36.2,0.03,0,0.03,0,0,0.03,0.08,33.3,0.06,0,0,0,0,0.03,0.75,0.06
417,Pedro Porro,"DF,MF",Tottenham,22,1999,12.6,1.98,1.27,0.63,1.19,0.16,1.11,3.1,35.9,1.98,1.98,0.16,1.83,1.19,3.17,1.9,0.08
418,Dennis Praet,"MF,FW",Leicester City,28,1994,7.2,1.67,1.25,0.69,0.83,0.14,0.83,1.53,54.5,0.69,1.67,0.28,1.39,0.69,2.36,0.83,0
419,Isaac Price,MF,Everton,18,2003,0.4,0,0,0,0,0,0,2.5,0,2.5,2.5,2.5,0,0,0,0,0
420,Christian Pulisic,"FW,DF",Chelsea,23,1998,9.1,1.21,0.66,0.33,0.66,0.22,0.33,0.55,60,0.22,0.88,0.11,0.77,0.44,1.65,0.44,0
421,Aaron Ramsdale,GK,Arsenal,24,1998,38,0.03,0.03,0.03,0,0,0.03,0.03,100,0,0,0,0,0,0.03,0.53,0.16
422,Jacob Ramsey,"MF,FW",Aston Villa,21,2001,29.3,2.35,1.33,0.78,1.19,0.38,1.09,2.35,46.4,1.26,1.64,0.27,1.37,0.78,3.14,1.16,0
423,Marcus Rashford,FW,Manchester Utd,24,1997,32,0.63,0.31,0.22,0.25,0.16,0.28,0.75,37.5,0.47,0.97,0.13,0.84,0.22,0.84,0.44,0
424,David Raya,GK,Brentford,26,1995,38,0,0,0,0,0,0,0.05,0,0.05,0.03,0,0.03,0.03,0.03,0.26,0.05
425,Tim Ream,DF,Fulham,34,1987,32.2,0.93,0.5,0.47,0.37,0.09,0.4,0.81,50,0.4,1.4,0.75,0.65,1.27,2.2,3.6,0.06
426,Nathan Redmond,DF,Southampton,28,1994,0,0,0,0,0,0,0,0,,0,0,0,0,0,0,0,0
427,Harrison Reed,MF,Fulham,27,1995,31.8,1.38,0.85,0.53,0.66,0.19,0.5,1.57,32,1.07,1.7,0.38,1.32,0.6,1.98,1.13,0
428,Bobby Reid,"FW,DF",Fulham,29,1993,27.5,1.53,0.87,0.51,0.51,0.51,0.58,1.24,47.1,0.65,0.91,0.11,0.8,0.73,2.25,1.02,0.04
429,Declan Rice,MF,West Ham,23,1999,36.4,2.17,1.04,1.21,0.85,0.11,0.85,1.37,62,0.52,1.24,0.41,0.82,1.73,3.9,1.59,0
430,Chris Richards,DF,Crystal Palace,22,2000,5,1.8,1.2,1.6,0.2,0,1,1.4,71.4,0.4,2,0.2,1.8,1.6,3.4,6.2,0
431,Richarlison,"MF,FW",Tottenham,25,1997,11.2,1.88,1.43,1.16,0.45,0.27,1.07,2.41,44.4,1.34,1.25,0.09,1.16,0.45,2.32,0.89,0
432,Jaïro Riedewald,"DF,MF",Crystal Palace,25,1996,0.7,2.86,1.43,2.86,0,0,0,1.43,0,1.43,2.86,0,2.86,0,2.86,5.71,0
433,Matt Ritchie,"FW,MF",Newcastle Utd,32,1989,0.4,2.5,2.5,0,2.5,0,2.5,7.5,33.3,5,0,0,0,2.5,5,0,0
434,Andrew Robertson,DF,Liverpool,28,1994,28.7,1.32,0.73,0.42,0.56,0.35,0.73,1.43,51.2,0.7,1.11,0.17,0.94,0.63,1.95,1.74,0.1
435,Antonee Robinson,DF,Fulham,24,1997,34.3,1.81,1.11,1.25,0.44,0.12,1.28,1.9,67.7,0.61,1.43,0.38,1.05,1.55,3.35,2.42,0.09
436,Joel Robles,GK,Leeds United,32,1990,4,0,0,0,0,0,0,0.25,0,0.25,0,0,0,0,0,0.5,0.25
437,Marc Roca,MF,Leeds United,25,1996,25.7,2.57,1.56,1.05,1.32,0.19,0.78,2.53,30.8,1.75,1.32,0.39,0.93,0.89,3.46,0.93,0.08
438,Marek Rodák,GK,Fulham,25,1996,2,0,0,0,0,0,0,0,,0,0,0,0,0,0,0.5,0.5
439,Rodri,MF,Manchester City,26,1996,32.3,2.07,1.27,0.87,0.87,0.34,0.8,1.61,50,0.8,1.24,0.43,0.8,1.02,3.1,1.33,0.03
440,Rodrigo,"FW,MF",Leeds United,31,1991,21.5,1.12,0.47,0.09,0.7,0.33,0.37,0.88,42.1,0.51,0.74,0.19,0.56,0.28,1.4,0.98,0.05
441,Mads Roerslev,DF,Brentford,23,1999,12.3,1.79,0.98,1.54,0.24,0,1.3,2.68,48.5,1.38,1.14,0.41,0.73,0.73,2.52,3.09,0
442,Cristian Romero,DF,Tottenham,24,1998,26.3,2.59,1.37,1.6,0.91,0.08,1.1,1.75,63,0.65,1.52,0.68,0.84,1.67,4.26,3.88,0.11
443,Oriol Romeu,MF,Southampton,30,1991,0.8,1.25,0,0,1.25,0,0,0,,0,1.25,0,1.25,1.25,2.5,1.25,0
444,Cristiano Ronaldo,FW,Manchester Utd,37,1985,5.8,0.34,0.34,0.17,0,0.17,0.17,0.34,50,0.17,0,0,0,0.17,0.52,1.55,0
445,Connor Ronan,MF,Wolves,24,1998,0,0,0,0,0,0,0,0,,0,0,0,0,0,0,0,0
446,Salomón Rondón,FW,Everton,32,1989,1.2,0,0,0,0,0,0,0,,0,0.83,0.83,0,0,0,0,0
447,Joe Rothwell,MF,Bournemouth,27,1995,11.3,1.77,1.15,0.62,1.06,0.09,0.62,1.86,33.3,1.24,1.24,0.27,0.97,0.8,2.57,0.62,0
448,Georginio Rutter,"FW,MF",Leeds United,20,2002,3,3.33,3,1.67,1,0.67,1.67,2.67,62.5,1,1.67,0,1.67,1,4.33,1,0
449,José Sá,GK,Wolves,29,1993,36,0.03,0,0.03,0,0,0.03,0.03,100,0,0,0,0,0,0.03,0.28,0.17
450,Marcel Sabitzer,MF,Manchester Utd,28,1994,7,1.71,1.14,0.43,1.14,0.14,0.29,1.57,18.2,1.29,0.86,0.29,0.57,1.14,2.86,1.57,0
451,Allan Saint-Maximin,FW,Newcastle Utd,25,1997,12.4,0.81,0.24,0.24,0.48,0.08,0.16,0.89,18.2,0.73,0.32,0,0.32,0.4,1.21,0.16,0
452,Bukayo Saka,FW,Arsenal,20,2001,35.3,1.78,0.96,0.62,0.42,0.74,0.57,1.25,45.5,0.68,1.08,0,1.08,0.4,2.18,0.54,0
453,Mohamed Salah,FW,Liverpool,30,1992,36.6,0.57,0.33,0.11,0.14,0.33,0.27,0.71,38.5,0.44,0.57,0,0.57,0.16,0.74,0.11,0
454,William Saliba,DF,Arsenal,21,2001,26.8,1.27,0.75,0.86,0.34,0.07,0.56,0.67,83.3,0.11,0.49,0.37,0.11,0.71,1.98,3.17,0.15
455,Mohammed Salisu,DF,Southampton,23,1999,21.9,2.33,1.32,1.51,0.73,0.09,1.1,1.55,70.6,0.46,2.56,1.14,1.42,1.42,3.74,5.57,0.05
456,Albert Sambi Lokonga,MF,Arsenal,22,1999,2.2,0.45,0.45,0,0,0.45,0,0.91,0,0.91,0.45,0,0.45,2.27,2.73,0.91,0
457,Albert Sambi Lokonga,MF,Crystal Palace,22,1999,6,2.17,1.67,1.17,0.67,0.33,1.33,2,66.7,0.67,1.33,0.5,0.83,1.17,3.33,1.67,0
458,Davinson Sánchez,DF,Tottenham,26,1996,9.5,2.53,1.16,1.79,0.63,0.11,1.47,2.11,70,0.63,1.68,1.05,0.63,1.26,3.79,4.32,0
459,Robert Sánchez,GK,Brighton,24,1997,23,0.04,0,0.04,0,0,0,0,,0,0,0,0,0.13,0.17,0.39,0.09
460,Jadon Sancho,"FW,MF",Manchester Utd,22,2000,18.7,0.86,0.53,0.37,0.27,0.21,0.43,1.5,28.6,1.07,1.34,0.11,1.23,0.37,1.23,0.32,0
461,Morgan Sanson,MF,Aston Villa,27,1994,0.1,20,10,10,10,0,10,10,100,0,0,0,0,0,20,0,0
462,Pablo Sarabia,"FW,MF",Wolves,30,1992,8.5,1.41,0.71,0.47,0.59,0.35,0.71,1.76,40,1.06,0.82,0,0.82,0.24,1.65,0.47,0
463,Jeremy Sarmiento,MF,Brighton,20,2002,2,3,1.5,2,0.5,0.5,1,2.5,40,1.5,1,0,1,0.5,3.5,0,0
464,Gianluca Scamacca,FW,West Ham,23,1999,10.3,0.97,0.49,0.1,0.29,0.58,0.19,0.19,100,0,0.29,0,0.29,0.39,1.36,0.49,0
465,Gustavo Scarpa,"MF,FW",Nott'ham Forest,28,1994,2,2.5,1,1.5,0.5,0.5,1,2.5,40,1.5,2,0,2,0,2.5,1.5,0
466,Kevin Schade,FW,Brentford,20,2001,8.1,1.48,0.99,0.86,0.25,0.37,0.62,1.23,50,0.62,0.86,0,0.86,0.49,1.98,0.74,0
467,Fabian Schär,DF,Newcastle Utd,30,1991,35.6,1.32,0.62,0.87,0.37,0.08,0.67,1.1,61.5,0.42,0.96,0.53,0.42,1.46,2.78,3.9,0
468,Jeffrey Schlupp,"MF,FW",Crystal Palace,29,1992,28.1,2.35,1.64,1,1.03,0.32,0.78,1.53,51.2,0.75,1.39,0.28,1.1,0.82,3.17,1.35,0
469,Nélson Semedo,DF,Wolves,28,1993,29.2,2.43,1.44,1.64,0.65,0.14,1.13,2.19,51.6,1.06,1.44,0.51,0.92,0.99,3.42,2.84,0.07
470,Antoine Semenyo,"FW,MF",Bournemouth,22,2000,2.9,0.34,0,0,0,0.34,0.34,2.07,16.7,1.72,3.45,0.34,3.1,0.69,1.03,1.38,0
471,Marcos Senesi,DF,Bournemouth,25,1997,27.7,1.81,1.26,1.01,0.79,0,0.83,1.55,53.5,0.72,1.37,0.72,0.65,1.55,3.36,5.27,0.07
472,Ryan Sessegnon,DF,Tottenham,22,2000,9,1.78,1.22,1,0.78,0,0.67,1.33,50,0.67,0.89,0.11,0.78,0.67,2.44,1.89,0.11
473,Luke Shaw,DF,Manchester Utd,27,1995,28.4,1.94,1.27,1.09,0.77,0.07,1.13,1.58,71.1,0.46,1.8,0.6,1.2,1.27,3.2,1.94,0.07
474,Jonjo Shelvey,MF,Newcastle Utd,30,1992,0.4,2.5,0,2.5,0,0,0,2.5,0,2.5,2.5,0,2.5,0,2.5,0,0
475,Jonjo Shelvey,MF,Nott'ham Forest,30,1992,6,0.33,0.17,0,0.17,0.17,0.17,1.5,11.1,1.33,1.17,0.33,0.83,0.83,1.17,1.67,0.17
476,Bernardo Silva,"MF,FW",Manchester City,27,1994,24.5,1.8,0.94,0.45,1.02,0.33,0.73,1.8,40.9,1.06,0.94,0.24,0.69,0.65,2.45,0.24,0
477,Thiago Silva,DF,Chelsea,37,1984,26.1,1.57,1.03,0.92,0.65,0,0.8,1.19,67.7,0.38,1.46,1.11,0.34,1.3,2.87,4.25,0.08
478,Ellis Simms,FW,Everton,21,2001,2.5,0,0,0,0,0,0,0,,0,0,0,0,0,0,0.4,0
479,Luis Sinisterra,FW,Leeds United,23,1999,9.6,2.19,1.46,0.83,0.94,0.42,1.15,1.88,61.1,0.73,1.15,0.1,1.04,0.83,3.02,0.21,0
480,Oliver Skipp,MF,Tottenham,21,2000,16.6,2.05,1.02,1.08,0.9,0.06,0.96,1.99,48.5,1.02,1.02,0.48,0.54,1.02,3.07,1.14,0.06
481,Adam Smith,DF,Bournemouth,31,1991,32.7,1.5,0.89,0.83,0.58,0.09,0.89,1.83,48.3,0.95,0.92,0.4,0.52,0.76,2.26,2.48,0.03
482,Emile Smith Rowe,"MF,FW",Arsenal,22,2000,1.9,0.53,0.53,0.53,0,0,0.53,1.58,33.3,1.05,0.53,0,0.53,0,0.53,1.05,0
483,Cédric Soares,DF,Arsenal,30,1991,0.3,0,0,0,0,0,0,3.33,0,3.33,3.33,0,3.33,0,0,3.33,0
484,Cédric Soares,DF,Fulham,30,1991,2.2,3.64,2.27,1.82,1.36,0.45,1.36,1.36,100,0,1.36,0.45,0.91,0.45,4.09,2.27,0
485,Dominic Solanke,"FW,MF",Bournemouth,24,1997,31.8,0.47,0.28,0.25,0.09,0.13,0.16,0.69,22.7,0.53,0.82,0.22,0.6,0.19,0.66,1.45,0
486,Manor Solomon,FW,Fulham,23,1999,6.4,3.13,1.88,1.88,0.94,0.31,1.41,2.5,56.3,1.09,1.25,0,1.25,0.78,3.91,0.47,0
487,Tomáš Souček,MF,West Ham,27,1995,31.3,2.46,1.18,1.31,0.93,0.22,0.89,1.85,48.3,0.96,1.34,0.54,0.8,1.69,4.15,2.27,0.1
488,Boubakary Soumaré,MF,Leicester City,23,1999,18.1,3.15,1.88,1.6,1.44,0.11,1.27,2.38,53.5,1.1,0.83,0.22,0.61,1.82,4.97,1.49,0.06
489,Harry Souttar,DF,Leicester City,23,1998,11,1.36,0.82,0.91,0.45,0,0.64,1.64,38.9,1,1.45,1.09,0.36,1.09,2.45,4.09,0
490,Çağlar Söyüncü,DF,Leicester City,26,1996,5.9,2.37,1.53,1.69,0.68,0,1.19,1.69,70,0.51,1.53,1.36,0.17,1.19,3.56,5.08,0
491,Djed Spence,"FW,DF",Tottenham,21,2000,0.1,0,0,0,0,0,0,0,,0,0,0,0,0,0,0,0
492,Jack Stacey,DF,Bournemouth,26,1996,3.3,1.52,1.21,0.91,0.3,0.3,0.61,1.52,40,0.91,0.91,0.3,0.61,1.52,3.03,4.55,0
493,Junior Stanislas,MF,Bournemouth,32,1989,0.7,0,0,0,0,0,0,0,,0,2.86,1.43,1.43,0,0,0,0
494,Jay Stansfield,FW,Fulham,19,2002,1,0,0,0,0,0,0,2,0,2,4,1,3,1,1,1,0
495,Jason Steele,GK,Brighton,31,1990,15,0,0,0,0,0,0,0.07,0,0.07,0,0,0,0,0,0.4,0.07
496,Jack Stephens,DF,Southampton,28,1994,0.5,4,4,4,0,0,2,2,100,0,2,2,0,2,6,4,0
497,Jack Stephens,DF,Bournemouth,28,1994,13,1.15,0.85,0.77,0.31,0.08,0.46,0.77,60,0.31,1.77,1.23,0.54,1.23,2.38,4.08,0
498,Raheem Sterling,"FW,MF",Chelsea,27,1994,21,0.86,0.48,0.24,0.19,0.43,0.38,0.67,57.1,0.29,0.81,0,0.81,0.1,0.95,0.24,0
499,John Stones,"DF,MF",Manchester City,28,1994,20.5,1.12,0.63,0.54,0.39,0.2,0.34,0.49,70,0.15,0.83,0.49,0.34,0.44,1.56,1.95,0
500,Pascal Struijk,DF,Leeds United,22,1999,24.4,3.44,2.34,1.76,1.27,0.41,2.01,3.07,65.3,1.07,1.31,0.49,0.82,1.31,4.75,2.87,0.04
501,Kamaldeen Sulemana,"FW,MF",Southampton,20,2002,10.7,1.4,0.84,0.37,0.65,0.37,0.37,1.31,28.6,0.93,1.5,0,1.5,0.56,1.96,0.56,0
502,Crysencio Summerville,FW,Leeds United,20,2001,15.8,1.9,1.27,0.89,0.89,0.13,0.7,1.46,47.8,0.76,1.27,0.13,1.14,0.82,2.72,0.7,0
503,Sam Surridge,FW,Nott'ham Forest,24,1998,3.6,1.39,0,0.28,0.83,0.28,0.28,1.11,25,0.83,1.39,0.56,0.83,0,1.39,1.94,0
504,Japhet Tanganga,DF,Tottenham,23,1999,1.6,1.88,1.25,1.88,0,0,0.63,3.13,20,2.5,0.63,0,0.63,1.25,3.13,5,0
505,Matt Targett,DF,Newcastle Utd,26,1995,6.8,1.91,1.47,1.18,0.44,0.29,1.32,3.53,37.5,2.21,1.18,0.44,0.74,1.32,3.24,2.35,0
506,James Tarkowski,DF,Everton,29,1992,38,1.34,0.68,0.95,0.34,0.05,0.53,1,52.6,0.47,2.61,2.05,0.55,1.34,2.68,5.29,0.08
507,Marcus Tavernier,"MF,FW",Bournemouth,23,1999,19.4,1.7,1.13,0.98,0.57,0.15,0.57,1.65,34.4,1.08,1.29,0.21,1.08,0.46,2.16,1.19,0
508,Tetê,FW,Leicester City,22,2000,8.2,1.71,0.98,0.61,0.85,0.24,0.73,2.56,28.6,1.83,1.1,0,1.1,0.24,1.95,0.37,0
509,Kenny Tete,DF,Fulham,26,1995,28.5,2.91,1.61,1.44,1.02,0.46,1.33,1.75,76,0.42,1.68,0.6,1.09,1.82,4.74,2.84,0.04
510,Luke Thomas,DF,Leicester City,21,2001,11.9,1.93,1.6,1.26,0.42,0.25,1.26,2.69,46.9,1.43,1.68,0.34,1.34,2.27,4.2,2.94,0
511,Youri Tielemans,MF,Leicester City,25,1997,26,2.54,1.5,1.04,1.15,0.35,0.88,2.35,37.7,1.46,1.35,0.31,1.04,1.08,3.62,0.92,0.04
512,Kieran Tierney,DF,Arsenal,25,1997,8.8,2.27,1.25,1.02,1.02,0.23,1.36,1.82,75,0.45,0.91,0.23,0.68,1.25,3.52,2.84,0
513,Harry Toffolo,DF,Nott'ham Forest,26,1995,10.4,1.63,0.77,0.96,0.38,0.29,0.96,1.35,71.4,0.38,1.54,0.77,0.77,0.96,2.6,3.17,0
514,Takehiro Tomiyasu,DF,Arsenal,23,1998,7.4,3.65,2.43,1.62,1.35,0.68,1.76,2.43,72.2,0.68,0.95,0,0.95,1.89,5.54,2.03,0.14
515,James Tomkins,DF,Crystal Palace,33,1989,3.8,1.05,0.53,0.53,0.26,0.26,0.26,0.79,33.3,0.53,0.79,0.53,0.26,1.32,2.37,5,0
516,Ivan Toney,FW,Brentford,26,1996,32.8,0.7,0.4,0.12,0.27,0.3,0.21,0.7,30.4,0.49,0.73,0.27,0.46,0.43,1.13,1.1,0
517,Adama Traoré,"FW,MF",Wolves,26,1996,16.6,0.84,0.42,0.42,0.24,0.18,0.24,0.54,44.4,0.3,0.48,0.06,0.42,0.18,1.02,1.02,0
518,Bertrand Traoré,"FW,MF",Aston Villa,26,1995,2.6,0.38,0.38,0.38,0,0,0.38,1.54,25,1.15,1.92,0,1.92,0.77,1.15,0,0
519,Boubacar Traoré,MF,Wolves,20,2001,4.6,2.61,1.09,0.87,1.09,0.65,0.65,1.52,42.9,0.87,0.87,0.43,0.43,1.52,4.13,0.22,0
520,Mark Travers,GK,Bournemouth,23,1999,11.5,0,0,0,0,0,0,0,,0,0.09,0,0.09,0,0,0.52,0
521,Kieran Trippier,DF,Newcastle Utd,31,1990,37.1,1.91,1.32,0.97,0.73,0.22,1.24,2.43,51.1,1.19,1.21,0.4,0.81,1.16,3.07,2.26,0.05
522,Leandro Trossard,FW,Arsenal,27,1994,10.3,1.17,0.68,0.39,0.19,0.58,0.58,1.75,33.3,1.17,1.75,0,1.75,0.58,1.75,0.29,0.1
523,Leandro Trossard,"FW,MF",Brighton,27,1994,14.6,0.68,0.41,0.48,0.07,0.14,0.07,0.55,12.5,0.48,1.16,0,1.16,0.41,1.1,0.07,0
524,Kostas Tsimikas,DF,Liverpool,26,1996,8.6,1.63,1.05,1.16,0.23,0.23,1.16,1.86,62.5,0.7,0.93,0.12,0.81,1.4,3.02,1.74,0
525,Deniz Undav,"FW,MF",Brighton,26,1996,7,1,0.57,0.29,0.29,0.43,0.29,1.14,25,0.86,0.57,0.14,0.43,0,1,0.14,0
526,Yan Valery,DF,Southampton,23,1999,0.5,0,0,0,0,0,0,0,,0,2,0,2,0,0,6,0
527,Virgil van Dijk,DF,Liverpool,31,1991,31.5,0.86,0.44,0.41,0.35,0.1,0.25,0.6,42.1,0.35,0.76,0.51,0.25,0.98,1.84,4.38,0.06
528,Raphaël Varane,DF,Manchester Utd,29,1993,21.2,1.13,0.42,0.85,0.28,0,0.33,0.8,41.2,0.47,1.13,0.8,0.33,0.52,1.65,4.29,0
529,Jamie Vardy,FW,Leicester City,35,1987,20.6,0.49,0.24,0.19,0.15,0.15,0.05,0.34,14.3,0.29,0.83,0.15,0.68,0.1,0.58,1.46,0
530,Joël Veltman,DF,Brighton,30,1992,24.3,2.55,1.32,1.81,0.58,0.16,1.52,2.35,64.9,0.82,1.11,0.33,0.78,0.78,3.33,2.1,0
531,Fabio Vieira,"MF,FW",Arsenal,22,2000,5.7,1.05,0.7,0.53,0,0.53,0.53,0.88,60,0.35,0.88,0,0.88,0.7,1.75,0.35,0
532,Matías Viña,DF,Bournemouth,24,1997,5.1,3.73,2.16,1.76,1.57,0.39,2.75,5.88,46.7,3.14,2.55,0.2,2.35,0.78,4.51,4.31,0
533,Rúben Vinagre,"DF,MF",Everton,23,1999,0.3,6.67,6.67,3.33,3.33,0,3.33,6.67,50,3.33,0,0,0,0,6.67,3.33,0
534,Carlos Vinícius,FW,Fulham,27,1995,12.3,0.33,0.08,0,0.16,0.16,0,0.33,0,0.33,0.57,0,0.57,0,0.33,0.81,0
535,Theo Walcott,"FW,MF",Southampton,33,1989,12.5,1.04,0.48,0.64,0.32,0.08,0.64,2.16,29.6,1.52,0.64,0.08,0.56,0.72,1.76,0.56,0
536,Kyle Walker,DF,Manchester City,32,1990,21.8,0.6,0.41,0.37,0.23,0,0.18,1.1,16.7,0.92,0.55,0.09,0.46,0.83,1.42,1.01,0
537,Kyle Walker-Peters,DF,Southampton,25,1997,29.4,2.07,1.09,1.16,0.82,0.1,0.75,1.43,52.4,0.68,1.6,0.27,1.33,0.92,2.99,1.77,0
538,Aaron Wan-Bissaka,DF,Manchester Utd,24,1997,15.9,2.52,1.57,1.26,1.07,0.19,1.45,1.57,92,0.13,1.51,0.5,1.01,1.38,3.9,2.58,0
539,Danny Ward,GK,Leicester City,29,1993,26,0.04,0.04,0.04,0,0,0.04,0.12,33.3,0.08,0,0,0,0,0.04,0.54,0.08
540,Joel Ward,DF,Crystal Palace,32,1989,25.1,1.99,1.43,1.2,0.44,0.36,1.2,1.63,73.2,0.44,1.27,0.64,0.64,1,2.99,3.19,0.04
541,James Ward-Prowse,MF,Southampton,27,1994,37.5,1.73,0.99,0.83,0.72,0.19,0.56,1.63,34.4,1.07,0.8,0.27,0.53,1.47,3.2,1.28,0
542,Ollie Watkins,FW,Aston Villa,26,1995,34.7,0.55,0.37,0.09,0.37,0.09,0.29,0.78,37,0.49,0.61,0.12,0.49,0.29,0.84,1.12,0
543,Adam Webster,DF,Brighton,27,1995,22.1,1,0.54,0.45,0.41,0.14,0.5,0.86,57.9,0.36,1.36,0.86,0.5,0.86,1.86,2.49,0.18
544,Wout Weghorst,"FW,MF",Manchester Utd,29,1992,8.9,1.24,0.56,0.67,0.11,0.45,0.22,1.01,22.2,0.79,0.79,0.22,0.56,0.79,2.02,1.01,0
545,Danny Welbeck,FW,Brighton,31,1990,20.6,0.73,0.34,0,0.34,0.39,0.19,0.53,36.4,0.34,1.17,0.1,1.07,0.24,0.97,0.97,0
546,Ben White,DF,Arsenal,24,1997,33.9,1.77,0.91,0.68,0.88,0.21,1.24,2.06,60,0.83,1.39,0.32,1.06,0.65,2.42,2.33,0.03
547,Harvey White,MF,Tottenham,20,2001,0.1,0,0,0,0,0,0,10,0,10,0,0,0,0,0,0,0
548,Joseph Whitworth,GK,Crystal Palace,18,2004,2,0,0,0,0,0,0,0,,0,0,0,0,0,0,0.5,0
549,Neco Williams,DF,Nott'ham Forest,21,2001,20.9,3.44,2.25,2.34,0.81,0.29,1.82,3.4,53.5,1.58,1.58,0.38,1.2,1.58,5.02,2.3,0
550,Willian,FW,Fulham,33,1988,23.6,0.55,0.34,0.34,0.13,0.08,0.3,1.06,28,0.76,0.55,0,0.55,0.38,0.93,0.38,0
551,Joe Willock,MF,Newcastle Utd,22,1999,28.4,1.8,1.06,0.46,0.92,0.42,0.88,2.04,43.1,1.16,1.9,0.28,1.62,0.88,2.68,0.6,0
552,Callum Wilson,FW,Newcastle Utd,30,1992,20.9,0.43,0.14,0,0.38,0.05,0,0.14,0,0.14,0.38,0,0.38,0.05,0.48,0.24,0
553,Harry Wilson,FW,Fulham,25,1997,12.2,1.72,1.07,0.74,0.74,0.25,0.66,1.48,44.4,0.82,1.39,0.16,1.23,0.49,2.21,1.15,0
554,Yoane Wissa,FW,Brentford,25,1996,17.8,0.96,0.67,0.22,0.39,0.34,0.34,0.73,46.2,0.39,0.56,0,0.56,0.34,1.29,0.84,0
555,Maximilian Wöber,DF,Leeds United,24,1998,14.1,1.77,1.28,0.64,1.06,0.07,1.13,1.7,66.7,0.57,2.27,0.99,1.28,1.91,3.69,4.75,0.07
556,Chris Wood,FW,Newcastle Utd,30,1991,5,1,0.8,0,0.6,0.4,0.6,1,60,0.4,0.4,0.4,0,0.2,1.2,1.4,0
557,Chris Wood,FW,Nott'ham Forest,30,1991,4.1,0,0,0,0,0,0,0.24,0,0.24,0.49,0.24,0.24,0.24,0.24,0.49,0
558,Joe Worrall,DF,Nott'ham Forest,25,1997,24.7,2.15,1.01,1.58,0.49,0.08,1.01,1.42,71.4,0.4,1.34,0.93,0.4,1.05,3.2,4.49,0.04
559,Granit Xhaka,MF,Arsenal,29,1992,33.3,1.02,0.81,0.33,0.54,0.15,0.48,1.23,39,0.75,0.84,0.3,0.54,0.45,1.47,1.35,0.03
560,Ryan Yates,MF,Nott'ham Forest,24,1997,20.4,1.86,0.93,0.93,0.78,0.15,0.69,1.08,63.6,0.39,1.27,0.39,0.88,0.49,2.35,2.16,0
561,Ashley Young,DF,Aston Villa,37,1985,22.6,2.21,1.19,1.5,0.66,0.04,1.64,2.17,75.5,0.53,1.11,0.49,0.62,0.93,3.14,2.88,0
562,Illia Zabarnyi,DF,Bournemouth,19,2002,3.3,1.21,0.61,1.21,0,0,0.91,2.12,42.9,1.21,2.12,0.61,1.52,0.91,2.12,4.24,0
563,Wilfried Zaha,"FW,MF",Crystal Palace,29,1992,25.4,1.26,0.79,0.47,0.47,0.31,0.31,0.83,38.1,0.51,0.83,0.04,0.79,0.63,1.89,0.35,0
564,Denis Zakaria,MF,Chelsea,25,1996,4.6,1.96,1.09,1.09,0.43,0.43,0.43,1.74,25,1.3,0.87,0.22,0.65,0.65,2.61,2.17,0
565,Jordan Zemura,DF,Bournemouth,22,1999,16.2,2.41,1.48,1.48,0.86,0.06,1.42,2.65,53.5,1.23,1.91,0.56,1.36,0.99,3.4,1.98,0
566,Oleksandr Zinchenko,DF,Arsenal,25,1996,23.5,1.7,0.77,0.6,0.72,0.38,0.89,1.66,53.8,0.77,0.85,0.09,0.77,0.94,2.64,1.62,0.09
567,Hakim Ziyech,"FW,MF",Chelsea,29,1993,7.3,2.74,1.64,1.64,0.68,0.41,0.55,1.23,44.4,0.68,1.1,0,1.1,0.68,3.42,0.68,0.14
568,Kurt Zouma,DF,West Ham,27,1994,22.1,0.41,0.18,0.18,0.23,0,0.23,0.36,62.5,0.14,0.77,0.63,0.14,1.36,1.76,5.43,0.05
569,Martin Ødegaard,MF,Arsenal,23,1998,34.7,1.04,0.66,0.35,0.4,0.29,0.4,1.35,29.8,0.95,0.58,0.14,0.43,0.17,1.21,0.35,0.03
